Id,IdCatalog,GroupCode,Code,Description,IsActive,Name,Version
1,,PAIS,3,,1,Afganistán,0
2,,PAIS,4,,1,Albania,0
3,,PAIS,5,,1,Alemania,0
4,,PAIS,6,,1,Andorra,0
5,,PAIS,7,,1,Angola,0
6,,PAIS,,,1,Anguila,0
7,,PAIS,,,1,Antártida,0
8,,PAIS,8,,1,Antigua Y Barbuda,0
9,,PAIS,9,,1,Antillas Holandesas,0
10,,PAIS,10,,1,Arabia Saudí,0
11,,PAIS,,,1,Arabia Saudita,0
12,,PAIS,11,,1,Argelia,0
13,,PAIS,12,,1,Argentina,0
14,,PAIS,13,,1,Armenia,0
15,,PAIS,14,,1,Aruba,0
16,,PAIS,15,,1,Australia,0
17,,PAIS,16,,1,Austria,0
18,,PAIS,17,,1,Azerbaiyán,0
19,,PAIS,18,,1,Bahamas,0
20,,PAIS,19,,1,Bahrein,0
21,,PAIS,20,,1,Bangladesh,0
22,,PAIS,21,,1,Barbados,0
23,,PAIS,22,,1,Bélgica,0
24,,PAIS,23,,1,Belice,0
25,,PAIS,,,1,Benin,0
26,,PAIS,24,,1,Benín,0
27,,PAIS,25,,1,Bermudas,0
28,,PAIS,26,,1,Bielorrusia,0
29,,PAIS,27,,1,Bolivia,0
30,,PAIS,,,1,"Bonaire, San Eustaquio Y Saba",0
31,,PAIS,28,,1,Bosnia,0
32,,PAIS,,,1,Bosnia Y Herzegovina,0
33,,PAIS,29,,1,Botswana,0
34,,PAIS,30,,1,Brasil,0
35,,PAIS,31,,1,Brunei,0
36,,PAIS,,,1,Brunei Darussalam,0
37,,PAIS,32,,1,Bulgaria,0
38,,PAIS,33,,1,Burkina Faso,0
39,,PAIS,34,,1,Burundi,0
40,,PAIS,35,,1,Bután,0
41,,PAIS,36,,1,Cabo Verde,0
42,,PAIS,37,,1,Camboya,0
43,,PAIS,38,,1,Camerún,0
44,,PAIS,,,1,Canada,0
45,,PAIS,39,,1,Canadá,0
46,,PAIS,45,,1,Colombia,0
47,,PAIS,46,,1,Comoras,0
48,,PAIS,47,,1,Congo,0
49,,PAIS,48,,1,Corea Del Norte,0
50,,PAIS,49,,1,Corea Del Sur,0
51,,PAIS,50,,1,Costa De Marfil,0
52,,PAIS,51,,1,Costa Rica,0
53,,PAIS,52,,1,Croacia,0
54,,PAIS,53,,1,Cuba,0
55,,PAIS,,,1,Curaçao,0
56,,PAIS,54,,1,Curazao,0
57,,PAIS,40,,1,Chad,0
58,,PAIS,41,,1,Chequia,0
59,,PAIS,42,,1,Chile,0
60,,PAIS,43,,1,China,0
61,,PAIS,44,,1,Chipre,0
62,,PAIS,55,,1,Dinamarca,0
63,,PAIS,,,1,Djibouti,0
64,,PAIS,56,,1,Dominica,0
65,,PAIS,57,,1,Dubai,0
66,,PAIS,1,,1,Ecuador,0
67,,PAIS,58,,1,Egipto,0
68,,PAIS,59,,1,El Salvador,0
69,,PAIS,,,1,El Vaticano,0
70,,PAIS,60,,1,Emiratos Árabes Unidos,0
71,,PAIS,61,,1,Eritrea,0
72,,PAIS,62,,1,Escocia,0
73,,PAIS,63,,1,Eslovaquia,0
74,,PAIS,64,,1,Eslovenia,0
75,,PAIS,65,,1,España,0
76,,PAIS,,,1,Estado De Palestina,0
77,,PAIS,66,,1,Estados Unidos De América,0
78,,PAIS,67,,1,Estonia,0
79,,PAIS,68,,1,Etiopía,0
80,,PAIS,69,,1,Filipinas,0
81,,PAIS,70,,1,Finlandia,0
82,,PAIS,71,,1,Fiyi,0
83,,PAIS,72,,1,Francia,0
84,,PAIS,73,,1,Gabón,0
85,,PAIS,74,,1,Gambia,0
86,,PAIS,75,,1,Georgia,0
87,,PAIS,,,1,Georgia Del Sur Y Las Islas Sándwich Del Sur,0
88,,PAIS,76,,1,Ghana,0
89,,PAIS,,,1,Gibraltar,0
90,,PAIS,77,,1,Granada,0
91,,PAIS,78,,1,Grecia,0
92,,PAIS,,,1,Groenlandia,0
93,,PAIS,,,1,Guadalupe,0
94,,PAIS,79,,1,Guam,0
95,,PAIS,80,,1,Guatemala,0
96,,PAIS,81,,1,Guayana Francesa,0
97,,PAIS,,,1,Guernsey,0
98,,PAIS,82,,1,Guinea,0
99,,PAIS,84,,1,Guinea-Bissau,0
100,,PAIS,83,,1,Guinea Ecuatorial,0
101,,PAIS,85,,1,Guyana,0
102,,PAIS,86,,1,Haití,0
103,,PAIS,87,,1,Herzegovina,0
104,,PAIS,88,,1,Holanda,0
105,,PAIS,89,,1,Honduras,0
106,,PAIS,90,,1,Hong Kong,0
107,,PAIS,91,,1,Hungría,0
108,,PAIS,92,,1,India,0
109,,PAIS,93,,1,Indonesia,0
110,,PAIS,94,,1,Irak,0
111,,PAIS,95,,1,Irán,0
112,,PAIS,96,,1,Irlanda,0
113,,PAIS,,,1,Isla Bouvet,0
114,,PAIS,,,1,Isla De Man,0
115,,PAIS,,,1,Isla De Navidad,0
116,,PAIS,97,,1,Islandia,0
117,,PAIS,,,1,Isla Norfolk,0
118,,PAIS,,,1,Islas Åland,0
119,,PAIS,98,,1,Islas Caimán,0
120,,PAIS,,,1,Islas Cocos,0
121,,PAIS,,,1,Islas Cook,0
122,,PAIS,,,1,Islas Feroe,0
123,,PAIS,,,1,Islas Malvinas (Falkland),0
124,,PAIS,,,1,Islas Marianas Del Norte,0
125,,PAIS,99,,1,Islas Marshall,0
126,,PAIS,100,,1,Islas Pitcairn,0
127,,PAIS,101,,1,Islas Salomón,0
128,,PAIS,,,1,Islas Turcas Y Caicos,0
129,,PAIS,,,1,Islas Vírgenes Americanas,0
130,,PAIS,,,1,Islas Vírgenes Británicas,0
131,,PAIS,,,1,Islas Wallis Y Futuna,0
132,,PAIS,102,,1,Israel,0
133,,PAIS,103,,1,Italia,0
134,,PAIS,104,,1,Jamaica,0
135,,PAIS,105,,1,Japón,0
136,,PAIS,,,1,Jersey,0
137,,PAIS,106,,1,Jordania,0
138,,PAIS,107,,1,Kazajstán,0
139,,PAIS,108,,1,Kenia,0
140,,PAIS,,,1,Kenya,0
141,,PAIS,109,,1,Kirguistán,0
142,,PAIS,110,,1,Kiribati,0
143,,PAIS,111,,1,Kósovo,0
144,,PAIS,112,,1,Kuwait,0
145,,PAIS,,,1,La Ex República Yugoslava De Macedonia,0
146,,PAIS,113,,1,Laos,0
147,,PAIS,114,,1,Lesotho,0
148,,PAIS,,,1,Lesoto,0
149,,PAIS,115,,1,Letonia,0
150,,PAIS,116,,1,Líbano,0
151,,PAIS,117,,1,Liberia,0
152,,PAIS,118,,1,Libia,0
153,,PAIS,119,,1,Liechtenstein,0
154,,PAIS,120,,1,Lituania,0
155,,PAIS,121,,1,Luxemburgo,0
156,,PAIS,,,1,Macao,0
157,,PAIS,122,,1,Macedonia,0
158,,PAIS,123,,1,Madagascar,0
159,,PAIS,124,,1,Malasia,0
160,,PAIS,,,1,Malaui,0
161,,PAIS,125,,1,Malawi,0
162,,PAIS,126,,1,Maldivas,0
163,,PAIS,127,,1,Malí,0
164,,PAIS,2,,1,Malta,0
165,,PAIS,128,,1,Marianas Del Norte,0
166,,PAIS,129,,1,Marruecos,0
167,,PAIS,130,,1,Martinica,0
168,,PAIS,131,,1,Mauricio,0
169,,PAIS,132,,1,Mauritania,0
170,,PAIS,,,1,Mayotte,0
171,,PAIS,133,,1,México,0
172,,PAIS,134,,1,Micronesia,0
173,,PAIS,135,,1,Moldavia,0
174,,PAIS,136,,1,Mónaco,0
175,,PAIS,137,,1,Mongolia,0
176,,PAIS,138,,1,Montenegro,0
177,,PAIS,139,,1,Montserrat,0
178,,PAIS,140,,1,Mozambique,0
179,,PAIS,,,1,Myanmar,0
180,,PAIS,141,,1,Myanmar (Antes Birmania),0
181,,PAIS,142,,1,Namibia,0
182,,PAIS,143,,1,Nauru,0
183,,PAIS,144,,1,Nepal,0
184,,PAIS,145,,1,Nicaragua,0
185,,PAIS,146,,1,Níger,0
186,,PAIS,147,,1,Nigeria,0
187,,PAIS,,,1,Niue,0
188,,PAIS,148,,1,Noruega,0
189,,PAIS,,,1,Nueva Caledonia,0
190,,PAIS,149,,1,Nueva Zelanda,0
191,,PAIS,150,,1,Omán,0
192,,PAIS,151,,1,Países Bajos,0
193,,PAIS,152,,1,Pakistán,0
194,,PAIS,153,,1,Palau,0
195,,PAIS,154,,1,Palestina,0
196,,PAIS,155,,1,Panamá,0
197,,PAIS,156,,1,Papúa Nueva Guinea,0
198,,PAIS,157,,1,Paraguay,0
199,,PAIS,158,,1,Perú,0
200,,PAIS,,,1,Pitcairn,0
201,,PAIS,,,1,Polinesia Francés,0
202,,PAIS,159,,1,Polonia,0
203,,PAIS,160,,1,Portugal,0
204,,PAIS,,,1,Puerto Rico,0
205,,PAIS,161,,1,Qatar,0
206,,PAIS,162,,1,Reino Unido,0
207,,PAIS,,,1,Reino Unido De Gran Bretaña E Irlanda Del Norte,0
208,,PAIS,,,1,República Árabe Siria,0
209,,PAIS,163,,1,República Centroafricana,0
210,,PAIS,,,1,República Checa,0
211,,PAIS,164,,1,República Del Congo,0
212,,PAIS,,,1,República Democrática Del Congo,0
213,,PAIS,165,,1,República Democrática Del Congo (Antiguo Zaire),0
214,,PAIS,,,1,República Democrática Popular Lao,0
215,,PAIS,,,1,República De Moldavia,0
216,,PAIS,166,,1,República Dominicana,0
217,,PAIS,,,1,República Unida De Tanzania,0
218,,PAIS,,,1,Réunion,0
219,,PAIS,167,,1,Ruanda,0
220,,PAIS,168,,1,Rumania,0
221,,PAIS,169,,1,Rusia,0
222,,PAIS,,,1,Rwanda,0
223,,PAIS,170,,1,Sáhara Occidental,0
224,,PAIS,,,1,Saint-Barthélemy,0
225,,PAIS,171,,1,Saint Kitts-Nevis,0
226,,PAIS,,,1,Saint-Martin,0
227,,PAIS,172,,1,Samoa,0
228,,PAIS,173,,1,Samoa Americana,0
229,,PAIS,,,1,San Cristóbal Y Nieves,0
230,,PAIS,174,,1,San Marino,0
231,,PAIS,,,1,San Pedro Y Miquelón,0
232,,PAIS,,,1,Santa Elena,0
233,,PAIS,,,1,Santa Lucía,0
234,,PAIS,176,,1,Santa Lucía (País),0
235,,PAIS,177,,1,Santo Tomé Y Príncipe,0
236,,PAIS,175,,1,San Vicente Y Las Granadinas,0
237,,PAIS,178,,1,Senegal,0
238,,PAIS,179,,1,Serbia,0
239,,PAIS,180,,1,Seychelles,0
240,,PAIS,181,,1,Sierra Leona,0
241,,PAIS,182,,1,Singapur,0
242,,PAIS,,,1,Sint Maarten,0
243,,PAIS,183,,1,Siria,0
244,,PAIS,184,,1,Somalia,0
245,,PAIS,,,1,Sri Lanka,0
246,,PAIS,185,,1,Sri Lanka (Antes Ceilán),0
247,,PAIS,186,,1,Suazilandia,0
248,,PAIS,187,,1,Sudáfrica,0
249,,PAIS,188,,1,Sudán,0
250,,PAIS,,,1,Sudán Del Sur,0
251,,PAIS,189,,1,Suecia,0
252,,PAIS,190,,1,Suiza,0
253,,PAIS,,,1,Suriname,0
254,,PAIS,,,1,Svalbard Y Jan Mayen,0
255,,PAIS,,,1,Swazilandia,0
256,,PAIS,191,,1,Tailandia,0
257,,PAIS,,,1,Taiwán,0
258,,PAIS,192,,1,Taiwán (Formosa) (República Nacionalista China),0
259,,PAIS,193,,1,Tanzania,0
260,,PAIS,194,,1,Tayikistán,0
261,,PAIS,,,1,Territorio Británico De La Océano Índico,0
262,,PAIS,,,1,Territorios Australes Franceses,0
263,,PAIS,195,,1,Tíbet (Actualmente Bajo Soberanía China),0
264,,PAIS,,,1,Timor-Leste,0
265,,PAIS,196,,1,Timor Oriental (Antiguamente Ocupado Por Indonesia),0
266,,PAIS,197,,1,Togo,0
267,,PAIS,,,1,Tokelau,0
268,,PAIS,198,,1,Tonga,0
269,,PAIS,199,,1,Trinidad Y Tobago,0
270,,PAIS,200,,1,Túnez,0
271,,PAIS,201,,1,Turkmenistán,0
272,,PAIS,202,,1,Turquía,0
273,,PAIS,203,,1,Tuvalu,0
274,,PAIS,204,,1,Ucrania,0
275,,PAIS,205,,1,Uganda,0
276,,PAIS,206,,1,Uruguay,0
277,,PAIS,,,1,Uzbekistán,0
278,,PAIS,207,,1,Uzbequistán,0
279,,PAIS,208,,1,Vanuatu,0
280,,PAIS,209,,1,Vaticano,0
281,,PAIS,210,,1,Venezuela,0
282,,PAIS,211,,1,Vietnam,0
283,,PAIS,,,1,Viet Nam,0
284,,PAIS,212,,1,Wallis Y Futuna,0
285,,PAIS,213,,1,Yemen,0
286,,PAIS,214,,1,Yibuti,0
287,,PAIS,215,,1,Zambia,0
288,,PAIS,216,,1,Zimbabue,0
289,,PAIS,,,1,Zimbabwe,0
290,66,PROVINCIA,01,,1,Azuay,0
291,66,PROVINCIA,02,,1,Bolívar,0
292,66,PROVINCIA,03,,1,Cañar,0
293,66,PROVINCIA,04,,1,Carchi,0
294,66,PROVINCIA,06,,1,Chimborazo,0
295,66,PROVINCIA,05,,1,Cotopaxi,0
296,66,PROVINCIA,07,,1,El Oro,0
297,66,PROVINCIA,08,,1,Esmeraldas,0
298,66,PROVINCIA,20,,1,Galápagos,0
299,66,PROVINCIA,09,,1,Guayas,0
300,66,PROVINCIA,10,,1,Imbabura,0
301,66,PROVINCIA,11,,1,Loja,0
302,66,PROVINCIA,12,,1,Los Ríos,0
303,66,PROVINCIA,13,,1,Manabi,0
304,66,PROVINCIA,14,,1,Morona Santiago,0
305,66,PROVINCIA,15,,1,Napo,0
306,66,PROVINCIA,22,,1,Orellana,0
307,66,PROVINCIA,16,,1,Pastaza,0
308,66,PROVINCIA,17,,1,Pichincha,0
309,66,PROVINCIA,24,,1,Santa Elena,0
310,66,PROVINCIA,23,,1,Santo Domingo De Los Tsachilas,0
311,66,PROVINCIA,21,,1,Sucumbios,0
312,66,PROVINCIA,18,,1,Tungurahua,0
313,66,PROVINCIA,19,,1,Zamora Chinchipe,0
314,66,PROVINCIA,90,,1,Zona No Delimitada,0
315,290,CANTON,0115,,1,Camilo Ponce Enriquez,0
316,290,CANTON,0111,,1,Chordeleg,0
317,290,CANTON,0101,,1,Cuenca,0
318,290,CANTON,0112,,1,El Pan,0
319,290,CANTON,0102,,1,Giron,0
320,290,CANTON,0114,,1,Guachapala,0
321,290,CANTON,0103,,1,Gualaceo,0
322,290,CANTON,0104,,1,Nabon,0
323,290,CANTON,0110,,1,Oña,0
324,290,CANTON,0105,,1,Paute,0
325,290,CANTON,0106,,1,Pucara,0
326,290,CANTON,0107,,1,San Fernando,0
327,290,CANTON,0108,,1,Santa Isabel,0
328,290,CANTON,0113,,1,Sevilla De Oro,0
329,290,CANTON,0109,,1,Sigsig,0
330,291,CANTON,0206,,1,Caluma,0
331,291,CANTON,0202,,1,Chillanes,0
332,291,CANTON,0203,,1,Chimbo,0
333,291,CANTON,0204,,1,Echeandia,0
334,291,CANTON,0201,,1,Guaranda,0
335,291,CANTON,0207,,1,Las Naves,0
336,291,CANTON,0205,,1,San Miguel,0
337,292,CANTON,0301,,1,Azogues,0
338,292,CANTON,0302,,1,Biblian,0
339,292,CANTON,0303,,1,Cañar,0
340,292,CANTON,0306,,1,Deleg,0
341,292,CANTON,0305,,1,El Tambo,0
342,292,CANTON,0304,,1,La Troncal,0
343,292,CANTON,0307,,1,Suscal,0
344,293,CANTON,0402,,1,Bolívar,0
345,293,CANTON,0403,,1,Espejo,0
346,293,CANTON,0404,,1,Mira,0
347,293,CANTON,0405,,1,Montufar,0
348,293,CANTON,0406,,1,San Pedro De Huaca,0
349,293,CANTON,0401,,1,Tulcan,0
350,294,CANTON,0602,,1,Alausi,0
351,294,CANTON,0604,,1,Chambo,0
352,294,CANTON,0605,,1,Chunchi,0
353,294,CANTON,0603,,1,Colta,0
354,294,CANTON,0610,,1,Cumanda,0
355,294,CANTON,0606,,1,Guamote,0
356,294,CANTON,0607,,1,Guano,0
357,294,CANTON,0608,,1,Pallatanga,0
358,294,CANTON,0609,,1,Penipe,0
359,294,CANTON,0601,,1,Riobamba,0
360,295,CANTON,0502,,1,La Mana,0
361,295,CANTON,0501,,1,Latacunga,0
362,295,CANTON,0503,,1,Pangua,0
363,295,CANTON,0504,,1,Pujili,0
364,295,CANTON,0505,,1,Salcedo,0
365,295,CANTON,0506,,1,Saquisili,0
366,295,CANTON,0507,,1,Sigchos,0
367,296,CANTON,0702,,1,Arenillas,0
368,296,CANTON,0703,,1,Atahualpa,0
369,296,CANTON,0704,,1,Balsas,0
370,296,CANTON,0705,,1,Chilla,0
371,296,CANTON,0706,,1,El Guabo,0
372,296,CANTON,0707,,1,Huaquillas,0
373,296,CANTON,0714,,1,Las Lajas,0
374,296,CANTON,0701,,1,Machala,0
375,296,CANTON,0708,,1,Marcabeli,0
376,296,CANTON,0709,,1,Pasaje,0
377,296,CANTON,0710,,1,Piñas,0
378,296,CANTON,0711,,1,Portovelo,0
379,296,CANTON,0712,,1,Santa Rosa,0
380,296,CANTON,0713,,1,Zaruma,0
381,297,CANTON,0806,,1,Atacames,0
382,297,CANTON,0802,,1,Eloy Alfaro,0
383,297,CANTON,0801,,1,Esmeraldas,0
384,297,CANTON,0808,,1,La Concordia,0
385,297,CANTON,0803,,1,Muisne,0
386,297,CANTON,0804,,1,Quininde,0
387,297,CANTON,0807,,1,Rioverde,0
388,297,CANTON,0805,,1,San Lorenzo,0
389,298,CANTON,2002,,1,Isabela,0
390,298,CANTON,2001,,1,San Cristobal,0
391,298,CANTON,2003,,1,Santa Cruz,0
392,299,CANTON,0902,,1,Alfredo Baquerizo Moreno (Jujan),0
393,299,CANTON,0903,,1,Balao,0
394,299,CANTON,0904,,1,Balzar,0
395,299,CANTON,0905,,1,Colimes,0
396,299,CANTON,0923,,1,Coronel Marcelino Maridueña,0
397,299,CANTON,0906,,1,Daule,0
398,299,CANTON,0907,,1,Duran,0
399,299,CANTON,0909,,1,El Triunfo,0
400,299,CANTON,0908,,1,El Empalme,0
401,299,CANTON,0927,,1,General Antonio Elizalde,0
402,299,CANTON,0901,,1,Guayaquil,0
403,299,CANTON,0928,,1,Isidro Ayora,0
404,299,CANTON,0924,,1,Lomas De Sargentillo,0
405,299,CANTON,0910,,1,Milagro,0
406,299,CANTON,0911,,1,Naranjal,0
407,299,CANTON,0912,,1,Naranjito,0
408,299,CANTON,0925,,1,Nobol,0
409,299,CANTON,0913,,1,Palestina,0
410,299,CANTON,0914,,1,Pedro Carbo,0
411,299,CANTON,0921,,1,Playas,0
412,299,CANTON,0919,,1,Salitre,0
413,299,CANTON,0916,,1,Samborondon,0
414,299,CANTON,0920,,1,San Jacinto De Yaguachi,0
415,299,CANTON,0918,,1,Santa Lucia,0
416,299,CANTON,0922,,1,Simón Bolívar,0
417,300,CANTON,1002,,1,Antonio Ante,0
418,300,CANTON,1003,,1,Cotacachi,0
419,300,CANTON,1001,,1,Ibarra,0
420,300,CANTON,1004,,1,Otavalo,0
421,300,CANTON,1005,,1,Pimampiro,0
422,300,CANTON,1006,,1,San Miguel De Urcuqui,0
423,301,CANTON,1102,,1,Calvas,0
424,301,CANTON,1103,,1,Catamayo,0
425,301,CANTON,1104,,1,Celica,0
426,301,CANTON,1105,,1,Chaguarpamba,0
427,301,CANTON,1106,,1,Espindola,0
428,301,CANTON,1107,,1,Gonzanama,0
429,301,CANTON,1101,,1,Loja,0
430,301,CANTON,1108,,1,Macara,0
431,301,CANTON,1116,,1,Olmedo,0
432,301,CANTON,1109,,1,Paltas,0
433,301,CANTON,1114,,1,Pindal,0
434,301,CANTON,1110,,1,Puyango,0
435,301,CANTON,1115,,1,Quilanga,0
436,301,CANTON,1111,,1,Saraguro,0
437,301,CANTON,1112,,1,Sozoranga,0
438,301,CANTON,1113,,1,Zapotillo,0
439,302,CANTON,1202,,1,Baba,0
440,302,CANTON,1201,,1,Babahoyo,0
441,302,CANTON,1210,,1,Buena Fe,0
442,302,CANTON,1212,,1,Mocache,0
443,302,CANTON,1203,,1,Montalvo,0
444,302,CANTON,1209,,1,Palenque,0
445,302,CANTON,1204,,1,Pueblo Viejo,0
446,302,CANTON,1205,,1,Quevedo,0
447,302,CANTON,1213,,1,Quinsaloma,0
448,302,CANTON,1206,,1,Urdaneta,0
449,302,CANTON,1211,,1,Valencia,0
450,302,CANTON,1207,,1,Ventanas,0
451,302,CANTON,1208,,1,Vinces,0
452,303,CANTON,1316,,1,24 De Mayo,0
453,303,CANTON,1302,,1,Bolívar,0
454,303,CANTON,1303,,1,Chone,0
455,303,CANTON,1304,,1,El Carmen,0
456,303,CANTON,1305,,1,Flavio Alfaro,0
457,303,CANTON,1320,,1,Jama,0
458,303,CANTON,1321,,1,Jaramijo,0
459,303,CANTON,1306,,1,Jipijapa,0
460,303,CANTON,1307,,1,Junin,0
461,303,CANTON,1308,,1,Manta,0
462,303,CANTON,1309,,1,Montecristi,0
463,303,CANTON,1318,,1,Olmedo,0
464,303,CANTON,1310,,1,Pajan,0
465,303,CANTON,1317,,1,Pedernales,0
466,303,CANTON,1311,,1,Pichincha,0
467,303,CANTON,1301,,1,Portoviejo,0
468,303,CANTON,1319,,1,Puerto Lopez,0
469,303,CANTON,1312,,1,Rocafuerte,0
470,303,CANTON,1322,,1,San Vicente,0
471,303,CANTON,1313,,1,Santa Ana,0
472,303,CANTON,1314,,1,Sucre,0
473,303,CANTON,1315,,1,Tosagua,0
474,304,CANTON,1413,,1,Canton Pablo Sexto,0
475,304,CANTON,1402,,1,Gualaquiza,0
476,304,CANTON,1407,,1,Huamboya,0
477,304,CANTON,1403,,1,Limón Indanza,0
478,304,CANTON,1410,,1,Logroño,0
479,304,CANTON,1401,,1,Morona,0
480,304,CANTON,1411,,1,Pablo Sexto,0
481,304,CANTON,1404,,1,Palora,0
482,304,CANTON,1408,,1,San Juan Bosco,0
483,304,CANTON,1405,,1,Santiago,0
484,304,CANTON,1406,,1,Sucua,0
485,304,CANTON,1409,,1,Taisha,0
486,304,CANTON,1412,,1,Tiwintza,0
487,305,CANTON,1503,,1,Archidona,0
488,305,CANTON,1509,,1,Carlos Julio Arosemena Tola,0
489,305,CANTON,1504,,1,El Chaco,0
490,305,CANTON,1507,,1,Quijos,0
491,305,CANTON,1501,,1,Tena,0
492,306,CANTON,2202,,1,Aguarico,0
493,306,CANTON,2203,,1,La Joya De Los Sachas,0
494,306,CANTON,2204,,1,Loreto,0
495,306,CANTON,2201,,1,Francisco de Orellana,0
496,307,CANTON,1604,,1,Arajuno,0
497,307,CANTON,1602,,1,Mera,0
498,307,CANTON,1601,,1,Pastaza,0
499,307,CANTON,1603,,1,Santa Clara,0
500,308,CANTON,1702,,1,Cayambe,0
501,308,CANTON,1703,,1,Mejia,0
502,308,CANTON,1704,,1,Pedro Moncayo,0
503,308,CANTON,1708,,1,Pedro Vicente Maldonado,0
504,308,CANTON,1709,,1,Puerto Quito,0
505,308,CANTON,1701,,1,Quito,0
506,308,CANTON,1705,,1,Rumiñahui,0
507,308,CANTON,1707,,1,San Miguel De Los Bancos,0
508,309,CANTON,2402,,1,La Libertad,0
509,309,CANTON,2403,,1,Salinas,0
510,309,CANTON,2401,,1,Santa Elena,0
511,310,CANTON,2301,,1,Santo Domingo De Los Tsachilas,0
512,310,CANTON,2302,,1,La Concordia,0
513,311,CANTON,2106,,1,Cascales,0
514,311,CANTON,2107,,1,Cuyabeno,0
515,311,CANTON,2102,,1,Gonzalo Pizarro,0
516,311,CANTON,2101,,1,Lago Agrio,0
517,311,CANTON,2103,,1,Putumayo,0
518,311,CANTON,2104,,1,Shushufindi,0
519,311,CANTON,2105,,1,Sucumbios,0
520,312,CANTON,1801,,1,Ambato,0
521,312,CANTON,1802,,1,Baños De Agua Santa,0
522,312,CANTON,1803,,1,Cevallos,0
523,312,CANTON,1804,,1,Mocha,0
524,312,CANTON,1805,,1,Patate,0
525,312,CANTON,1806,,1,Quero,0
526,312,CANTON,1807,,1,San Pedro De Pelileo,0
527,312,CANTON,1808,,1,Santiago De Pillaro,0
528,312,CANTON,1809,,1,Tisaleo,0
529,313,CANTON,1907,,1,Centinela Del Cóndor,0
530,313,CANTON,1902,,1,Chinchipe,0
531,313,CANTON,1906,,1,El Pangui,0
532,313,CANTON,1903,,1,Nangaritza,0
533,313,CANTON,1908,,1,Palanda,0
534,313,CANTON,1909,,1,Paquisha,0
535,313,CANTON,1904,,1,Yacuambi,0
536,313,CANTON,1905,,1,Yantzaza,0
537,313,CANTON,1901,,1,Zamora,0
538,314,CANTON,9004,,1,El Piedrero,0
539,314,CANTON,9005,,1,La Concordia,0
540,314,CANTON,9006,,1,La Concordia,0
541,314,CANTON,9001,,1,Las Golondrinas,0
542,314,CANTON,9003,,1,Manga Del Cura,0
543,315,PARROQUIA,011550,,1,Camilo Ponce Enriquez,0
544,315,PARROQUIA,011551,,1,El Carmen De Pujili,0
545,316,PARROQUIA,011150,,1,"Chordeleg, Cabecera Cantonal",0
546,316,PARROQUIA,011152,,1,La Union,0
547,316,PARROQUIA,011153,,1,Luis Galarza Orellana (Cab. En Delegsol),0
548,316,PARROQUIA,011151,,1,Principal,0
549,316,PARROQUIA,011154,,1,San Martin De Puzhio,0
550,317,PARROQUIA,010151,,1,Baños,0
551,317,PARROQUIA,010101,,1,Bellavista,0
552,317,PARROQUIA,010102,,1,Cañaribamba,0
553,317,PARROQUIA,010153,,1,Chaucha,0
554,317,PARROQUIA,010154,,1,Checa (Jidcay),0
555,317,PARROQUIA,010155,,1,Chiquintad,0
556,317,PARROQUIA,010150,,1,"Cuenca, Cabecera Cantonal Y Capital Provincial",0
557,317,PARROQUIA,010152,,1,Cumbe,0
558,317,PARROQUIA,010103,,1,El Batan,0
559,317,PARROQUIA,010104,,1,El Sagrario,0
560,317,PARROQUIA,010105,,1,El Vecino,0
561,317,PARROQUIA,010106,,1,Gil Ramirez Davalos,0
562,317,PARROQUIA,010115,,1,Hermano Miguel,0
563,317,PARROQUIA,010107,,1,Huaynacapac,0
564,317,PARROQUIA,010156,,1,Llacao,0
565,317,PARROQUIA,010108,,1,Machangara,0
566,317,PARROQUIA,010157,,1,Molleturo,0
567,317,PARROQUIA,010109,,1,Monay,0
568,317,PARROQUIA,010158,,1,Nulti,0
569,317,PARROQUIA,010159,,1,Octavio Cordero Palacios (Sta. Rosa),0
570,317,PARROQUIA,010160,,1,Paccha,0
571,317,PARROQUIA,010161,,1,Quingeo,0
572,317,PARROQUIA,010162,,1,Ricaurte,0
573,317,PARROQUIA,010110,,1,San Blas,0
574,317,PARROQUIA,010163,,1,San Joaquin,0
575,317,PARROQUIA,010111,,1,San Sebastian,0
576,317,PARROQUIA,010164,,1,Santa Ana,0
577,317,PARROQUIA,010165,,1,Sayausi,0
578,317,PARROQUIA,010166,,1,Sidcay,0
579,317,PARROQUIA,010167,,1,Sinincay,0
580,317,PARROQUIA,010112,,1,Sucre,0
581,317,PARROQUIA,010168,,1,Tarqui,0
582,317,PARROQUIA,010113,,1,Totoracocha,0
583,317,PARROQUIA,010169,,1,Turi,0
584,317,PARROQUIA,010170,,1,Valle,0
585,317,PARROQUIA,010171,,1,Victoria Del Portete (Irquis),0
586,317,PARROQUIA,010114,,1,Yanuncay,0
587,318,PARROQUIA,011250,,1,"El Pan, Cabecera Cantonal",0
588,318,PARROQUIA,011253,,1,San Vicente,0
589,319,PARROQUIA,010251,,1,Asuncion,0
590,319,PARROQUIA,010250,,1,"Giron, Cabecera Cantonal",0
591,319,PARROQUIA,010252,,1,San Gerardo,0
592,320,PARROQUIA,011450,,1,"Guachapala, Cabecera Cantonal",0
593,321,PARROQUIA,010352,,1,Daniel Cordova Toral (El Oriente),0
594,321,PARROQUIA,010350,,1,"Gualaceo, Cabecera Cantonal",0
595,321,PARROQUIA,010353,,1,Jadan,0
596,321,PARROQUIA,010359,,1,Luis Cordero Vega,0
597,321,PARROQUIA,010354,,1,Mariano Moreno,0
598,321,PARROQUIA,010356,,1,Remigio Crespo Toral (Gulag),0
599,321,PARROQUIA,010357,,1,San Juan,0
600,321,PARROQUIA,010360,,1,Simon Bolívar ,0
601,321,PARROQUIA,010358,,1,Zhidmad,0
602,322,PARROQUIA,010451,,1,Cochapata,0
603,322,PARROQUIA,010452,,1,El Progreso (Cab.En Zhiota),0
604,322,PARROQUIA,010453,,1,Las Nieves (Chaya),0
605,322,PARROQUIA,010450,,1,"Nabon, Cabecera Cantonal",0
606,322,PARROQUIA,010455,,1,LA PAZ,0
607,323,PARROQUIA,011050,,1,San Felipe De Oña Cabecera Cantonal,0
608,323,PARROQUIA,011051,,1,Susudel,0
609,324,PARROQUIA,010552,,1,Bulan (Jose Victor Izquierdo),0
610,324,PARROQUIA,010553,,1,Chican (Guillermo Ortega),0
611,324,PARROQUIA,010562,,1,Dug Dug,0
612,324,PARROQUIA,010554,,1,El Cabo,0
613,324,PARROQUIA,010556,,1,Guarainag,0
614,324,PARROQUIA,010550,,1,"Paute, Cabecera Cantonal",0
615,324,PARROQUIA,010559,,1,San Cristobal (Carlos Ordoñez Lazo),0
616,324,PARROQUIA,010561,,1,Tomebamba,0
617,325,PARROQUIA,010650,,1,"Pucara, Cabecera Cantonal",0
618,325,PARROQUIA,010652,,1,San Rafael De Sharug,0
619,326,PARROQUIA,010751,,1,Chumblin,0
620,326,PARROQUIA,010750,,1,"San Fernando, Cabecera Cantonal",0
621,327,PARROQUIA,010851,,1,Abdon Calderon (La Union),0
622,327,PARROQUIA,010854,,1,San Salvador De Cañaribamba,0
623,327,PARROQUIA,010850,,1,"Santa Isabel (Chaguarurco), Cabecera Cantonal",0
624,327,PARROQUIA,010853,,1,Zhaglli (Shaglli ),0
625,327,PARROQUIA,010852,,1,EL CARMEN DE PIJILI,0
626,328,PARROQUIA,011351,,1,Amaluza,0
627,328,PARROQUIA,011352,,1,Palmas,0
628,328,PARROQUIA,011350,,1,"Sevilla De Oro, Cabecera Cantonal",0
629,329,PARROQUIA,010951,,1,Cuchil (Cutchil),0
630,329,PARROQUIA,010953,,1,Guel,0
631,329,PARROQUIA,010952,,1,Jima (Gima),0
632,329,PARROQUIA,010954,,1,Ludo,0
633,329,PARROQUIA,010955,,1,San Bartolome,0
634,329,PARROQUIA,010956,,1,San Jose De Raranga,0
635,329,PARROQUIA,010950,,1,"Sigsig, Cabecera Cantonal",0
636,330,PARROQUIA,020650,,1,"Caluma, Cabecera Cantonal",0
637,331,PARROQUIA,020250,,1,"Chillanes, Cabecera Cantonal",0
638,331,PARROQUIA,020251,,1,San Jose Del Tambo (Tambopamba),0
639,332,PARROQUIA,020351,,1,Asuncion (Asancoto),0
640,332,PARROQUIA,020350,,1,"San Jose De Chimbo, Cabecera Cantonal",0
641,332,PARROQUIA,020354,,1,San Sebastian,0
642,332,PARROQUIA,020355,,1,Telimbela,0
643,332,PARROQUIA,020353,,1,MAGDALENA (CHAPACOTO),0
644,333,PARROQUIA,020450,,1,"Echeandia, Cabecera Cantonal",0
645,334,PARROQUIA,020101,,1,Angel Polibio Chaves,0
646,334,PARROQUIA,020151,,1,Facundo Vela,0
647,334,PARROQUIA,020102,,1,Gabriel Ignacio Veintimilla,0
648,334,PARROQUIA,020103,,1,Guanujo,0
649,334,PARROQUIA,020150,,1,"Guaranda, Cabecera Cantonal Y Capital Provincial",0
650,334,PARROQUIA,020153,,1,Julio E. Moreno (Catanahuan Grande),0
651,334,PARROQUIA,020155,,1,Salinas,0
652,334,PARROQUIA,020156,,1,San Lorenzo,0
653,334,PARROQUIA,020160,,1,San Luis De Pambil,0
654,334,PARROQUIA,020157,,1,San Simon (Yacoto),0
655,334,PARROQUIA,020158,,1,Santafe (Santa Fe),0
656,334,PARROQUIA,020159,,1,Simiatug,0
657,335,PARROQUIA,020701,,1,Las Mercedes,0
658,335,PARROQUIA,020702,,1,Las Naves,0
659,335,PARROQUIA,020750,,1,Las Naves,0
660,336,PARROQUIA,020551,,1,Balsapamba,0
661,336,PARROQUIA,020552,,1,Bilovan,0
662,336,PARROQUIA,020553,,1,Regulo De Mora,0
663,336,PARROQUIA,020550,,1,"San Miguel, Cabecera Cantonal",0
664,336,PARROQUIA,020554,,1,San Pablo (San Pablo De Atenas),0
665,336,PARROQUIA,020556,,1,San Vicente,0
666,336,PARROQUIA,020555,,1,Santiago,0
667,337,PARROQUIA,030101,,1,Aurelio Bayas Martinez,0
668,337,PARROQUIA,030102,,1,Azogues,0
669,337,PARROQUIA,030150,,1,"Azogues, Cabecera Cantonal Y Capital Provincial",0
670,337,PARROQUIA,030103,,1,Borrero,0
671,337,PARROQUIA,030151,,1,Cojitambo,0
672,337,PARROQUIA,030153,,1,Guapan,0
673,337,PARROQUIA,030154,,1,Javier Loyola (Chuquipata),0
674,337,PARROQUIA,030155,,1,Luis Cordero,0
675,337,PARROQUIA,030156,,1,Pindilig,0
676,337,PARROQUIA,030157,,1,Rivera,0
677,337,PARROQUIA,030104,,1,San Francisco,0
678,337,PARROQUIA,030158,,1,San Miguel,0
679,337,PARROQUIA,030160,,1,Taday,0
680,338,PARROQUIA,030250,,1,"Biblian, Cabecera Cantonal",0
681,338,PARROQUIA,030254,,1,Jerusalen,0
682,338,PARROQUIA,030251,,1,Nazon (Cab. En Pampa De Dominguez),0
683,338,PARROQUIA,030252,,1,San Francisco De Sageo,0
684,338,PARROQUIA,030253,,1,Turupamba,0
685,339,PARROQUIA,030350,,1,"Cañar, Cabecera Cantonal",0
686,339,PARROQUIA,030351,,1,Chontamarca,0
687,339,PARROQUIA,030352,,1,Chorocopte,0
688,339,PARROQUIA,030363,,1,Ducur,0
689,339,PARROQUIA,030353,,1,General Morales (Socarte),0
690,339,PARROQUIA,030354,,1,Gualleturo,0
691,339,PARROQUIA,030355,,1,Honorato Vasquez (Tambo Viejo),0
692,339,PARROQUIA,030356,,1,Ingapirca,0
693,339,PARROQUIA,030357,,1,Juncal,0
694,339,PARROQUIA,030358,,1,San Antonio,0
695,339,PARROQUIA,030362,,1,Ventura,0
696,339,PARROQUIA,030361,,1,Zhud,0
697,340,PARROQUIA,030650,,1,"Deleg, Cabecera Cantonal",0
698,340,PARROQUIA,030651,,1,Solano,0
699,341,PARROQUIA,030550,,1,"El Tambo, Cabecera Cantonal",0
700,342,PARROQUIA,030450,,1,"La Troncal, Cabecera Cantonal",0
701,342,PARROQUIA,030451,,1,Manuel J. Calle,0
702,342,PARROQUIA,030452,,1,Pancho Negro,0
703,343,PARROQUIA,030750,,1,"Suscal, Cabecera Cantonal",0
704,344,PARROQUIA,040250,,1,"Bolívar, Cabecera Cantonal",0
705,344,PARROQUIA,040251,,1,Garcia Moreno,0
706,344,PARROQUIA,040252,,1,Los Andes,0
707,344,PARROQUIA,040253,,1,Monte Olivo,0
708,344,PARROQUIA,040255,,1,San Rafael,0
709,344,PARROQUIA,040254,,1,San Vicente De Pusir,0
710,345,PARROQUIA,040302,,1,27 De Septiembre,0
711,345,PARROQUIA,040301,,1,El Angel,0
712,345,PARROQUIA,040351,,1,El Goaltal,0
713,345,PARROQUIA,040352,,1,La Libertad (Alizo),0
714,345,PARROQUIA,040353,,1,San Isidro,0
715,346,PARROQUIA,040451,,1,Concepcion,0
716,346,PARROQUIA,040452,,1,Jijon Y Caamaño (Cab. En Rio Blanco),0
717,346,PARROQUIA,040453,,1,Juan Montalvo (San Ignacio De Quil),0
718,346,PARROQUIA,040450,,1,"Mira (Chontahuasi), Cabecera Cantonal",0
719,347,PARROQUIA,040552,,1,Chitan De Navarrete,0
720,347,PARROQUIA,040551,,1,Cristobal Colon,0
721,347,PARROQUIA,040553,,1,Fernandez Salvador,0
722,347,PARROQUIA,040501,,1,Gonzalez Suarez,0
723,347,PARROQUIA,040554,,1,La Paz,0
724,347,PARROQUIA,040555,,1,Piartal,0
725,347,PARROQUIA,040550,,1,San Gabriel Cabecera Cantonal,0
726,347,PARROQUIA,040502,,1,San Jose,0
727,348,PARROQUIA,040650,,1,"Huaca, Cabecera Cantonal",0
728,348,PARROQUIA,040651,,1,Mariscal Sucre,0
729,349,PARROQUIA,040151,,1,El Carmelo (El Pun),0
730,349,PARROQUIA,040159,,1,El Chical,0
731,349,PARROQUIA,040101,,1,Gonzalez Suarez,0
732,349,PARROQUIA,040153,,1,Julio Andrade (Orejuela),0
733,349,PARROQUIA,040154,,1,Maldonado,0
734,349,PARROQUIA,040155,,1,Pioter,0
735,349,PARROQUIA,040161,,1,Santa Martha De Cuba,0
736,349,PARROQUIA,040156,,1,Tobar Donoso (La Bocana De Camunbi),0
737,349,PARROQUIA,040157,,1,Tufiño,0
738,349,PARROQUIA,040150,,1,"Tulcan, Cabecera Cantonal Y Capital Provincial",0
739,349,PARROQUIA,040158,,1,Urbina (Taya),0
740,349,PARROQUIA,040102,,1,TULCAN,0
741,350,PARROQUIA,060251,,1,Achupallas,0
742,350,PARROQUIA,060250,,1,"Alausi, Cabecera Cantonal",0
743,350,PARROQUIA,060253,,1,Guasuntos,0
744,350,PARROQUIA,060254,,1,Huigra,0
745,350,PARROQUIA,060255,,1,Multitud,0
746,350,PARROQUIA,060256,,1,Pistishi (Nariz Del Diablo),0
747,350,PARROQUIA,060257,,1,Pumallacta,0
748,350,PARROQUIA,060258,,1,Sevilla,0
749,350,PARROQUIA,060259,,1,Sibambe,0
750,350,PARROQUIA,060260,,1,Tixan,0
751,351,PARROQUIA,060450,,1,"Chambo, Cabecera Cantonal",0
752,352,PARROQUIA,060551,,1,Capzol,0
753,352,PARROQUIA,060550,,1,"Chunchi, Cabecera Cantonal",0
754,352,PARROQUIA,060552,,1,Compud,0
755,352,PARROQUIA,060553,,1,Gonzol,0
756,352,PARROQUIA,060554,,1,Llagos,0
757,353,PARROQUIA,060350,,1,VILLA LA UNION (CAJABAMBA),0
758,353,PARROQUIA,060301,,1,Cajabamba,0
759,353,PARROQUIA,060351,,1,Cañi,0
760,353,PARROQUIA,060352,,1,Columbe,0
761,353,PARROQUIA,060353,,1,Juan De Velasco (Pangor),0
762,353,PARROQUIA,060354,,1,Santiago De Quito (Cab. En San,0
763,353,PARROQUIA,060302,,1,Sicalpa,0
764,354,PARROQUIA,061050,,1,"Cumanda, Cabecera Cantonal",0
765,355,PARROQUIA,060651,,1,Cebadas,0
766,355,PARROQUIA,060650,,1,"Guamote, Cabecera Cantonal",0
767,355,PARROQUIA,060652,,1,Palmira,0
768,356,PARROQUIA,060701,,1,El Rosario,0
769,356,PARROQUIA,060751,,1,Guanando,0
770,356,PARROQUIA,060750,,1,Guano Cabecera Cantonal,0
771,356,PARROQUIA,060752,,1,Ilapo,0
772,356,PARROQUIA,060702,,1,La Matriz,0
773,356,PARROQUIA,060753,,1,La Providencia,0
774,356,PARROQUIA,060754,,1,San Andres,0
775,356,PARROQUIA,060755,,1,San Gerardo De Pacaicaguan,0
776,356,PARROQUIA,060756,,1,San Isidro De Patulu,0
777,356,PARROQUIA,060757,,1,San Jose Del Chazo,0
778,356,PARROQUIA,060758,,1,Santa Fe De Galan,0
779,356,PARROQUIA,060759,,1,Valparaiso,0
780,357,PARROQUIA,060850,,1,"Pallatanga, Cabecera Cantonal",0
781,358,PARROQUIA,060956,,1,Bilbao (Cab. En Quilluyacu),0
782,358,PARROQUIA,060951,,1,El Altar,0
783,358,PARROQUIA,060955,,1,La Candelaria,0
784,358,PARROQUIA,060952,,1,Matus,0
785,358,PARROQUIA,060950,,1,"Penipe, Cabecera Cantonal",0
786,358,PARROQUIA,060953,,1,Puela,0
787,358,PARROQUIA,060954,,1,San Antonio De Bayushig,0
788,359,PARROQUIA,060151,,1,Cacha (Cab. En Machangara),0
789,359,PARROQUIA,060152,,1,Calpi,0
790,359,PARROQUIA,060153,,1,Cubijies,0
791,359,PARROQUIA,060154,,1,Flores,0
792,359,PARROQUIA,060155,,1,Lican,0
793,359,PARROQUIA,060156,,1,Licto,0
794,359,PARROQUIA,060101,,1,Lizarzaburu,0
795,359,PARROQUIA,060102,,1,Maldonado,0
796,359,PARROQUIA,060157,,1,Pungala,0
797,359,PARROQUIA,060158,,1,Punin,0
798,359,PARROQUIA,060159,,1,Quimiag,0
799,359,PARROQUIA,060150,,1,"Riobamba, Cabecera Cantonal Y Capital Provincial",0
800,359,PARROQUIA,060160,,1,San Juan,0
801,359,PARROQUIA,060161,,1,San Luis,0
802,359,PARROQUIA,060103,,1,Velasco,0
803,359,PARROQUIA,060104,,1,Veloz,0
804,359,PARROQUIA,060105,,1,Yaruquies,0
805,360,PARROQUIA,050201,,1,El Carmen,0
806,360,PARROQUIA,050202,,1,La Mana,0
807,360,PARROQUIA,050203,,1,El Triunfo,0
808,360,PARROQUIA,050251,,1,Guasaganda (Cab. En Guasaganda Centro),0
809,360,PARROQUIA,050250,,1,"La Mana, Cab. Cantonal",0
810,360,PARROQUIA,050252,,1,Pucayacu,0
811,361,PARROQUIA,050157,,1,11 De Noviembre (Ilinchisi),0
812,361,PARROQUIA,050151,,1,Alaques (Alaquez),0
813,361,PARROQUIA,050152,,1,Belisario Quevedo (Guanailin),0
814,361,PARROQUIA,050101,,1,Eloy Alfaro (San Felipe),0
815,361,PARROQUIA,050153,,1,Guaitacama (Guaytacama),0
816,361,PARROQUIA,050102,,1,Ignacio Flores (Parque Flores),0
817,361,PARROQUIA,050154,,1,Joseguango Bajo,0
818,361,PARROQUIA,050103,,1,Juan Montalvo (San Sebastian),0
819,361,PARROQUIA,050104,,1,La Matriz,0
820,361,PARROQUIA,050150,,1,"Latacunga, Cabecera Cantonal Y Capital Provincial",0
821,361,PARROQUIA,050156,,1,Mulalo,0
822,361,PARROQUIA,050158,,1,Poalo,0
823,361,PARROQUIA,050105,,1,San Buenaventura,0
824,361,PARROQUIA,050159,,1,San Juan De Pastocalle,0
825,361,PARROQUIA,050161,,1,Tanicuchi,0
826,361,PARROQUIA,050162,,1,Toacaso,0
827,362,PARROQUIA,050350,,1,"El Corazon, Cabecera Cantonal",0
828,362,PARROQUIA,050351,,1,Moraspungo,0
829,362,PARROQUIA,050352,,1,Pinllopata,0
830,362,PARROQUIA,050353,,1,Ramon Campaña,0
831,363,PARROQUIA,050451,,1,Angamarca,0
832,363,PARROQUIA,050453,,1,Guangaje,0
833,363,PARROQUIA,050455,,1,La Victoria,0
834,363,PARROQUIA,050456,,1,Pilalo,0
835,363,PARROQUIA,050450,,1,"Pujili, Cabecera Cantonal",0
836,363,PARROQUIA,050457,,1,Tingo,0
837,363,PARROQUIA,050458,,1,Zumbahua,0
838,364,PARROQUIA,050551,,1,Antonio Jose Holguin (Santa Lucia),0
839,364,PARROQUIA,050552,,1,Cusubamba,0
840,364,PARROQUIA,050553,,1,Mulalillo,0
841,364,PARROQUIA,050554,,1,Mulliquindil (Santa Ana),0
842,364,PARROQUIA,050555,,1,Pansaleo,0
843,364,PARROQUIA,050550,,1,"San Miguel, Cabecera Cantonal",0
844,365,PARROQUIA,050651,,1,Canchagua,0
845,365,PARROQUIA,050652,,1,Chantilin,0
846,365,PARROQUIA,050653,,1,Cochapamba,0
847,365,PARROQUIA,050650,,1,"Saquisili, Cabecera Cantonal",0
848,366,PARROQUIA,050751,,1,Chugchillan,0
849,366,PARROQUIA,050752,,1,Isinlivi,0
850,366,PARROQUIA,050753,,1,Las Pampas,0
851,366,PARROQUIA,050754,,1,Palo Quemado,0
852,366,PARROQUIA,050750,,1,"Sigchos, Cabecera Cantonal",0
853,367,PARROQUIA,070250,,1,"Arenillas, Cabecera Cantonal",0
854,367,PARROQUIA,070255,,1,Carcabon,0
855,367,PARROQUIA,070251,,1,Chacras,0
856,367,PARROQUIA,070254,,1,Palmales,0
857,368,PARROQUIA,070351,,1,Ayapamba,0
858,368,PARROQUIA,070352,,1,Cordoncillo,0
859,368,PARROQUIA,070353,,1,Milagro,0
860,368,PARROQUIA,070350,,1,"Paccha, Cabecera Cantonal",0
861,368,PARROQUIA,070354,,1,San Jose,0
862,368,PARROQUIA,070355,,1,San Juan De Cerro Azul,0
863,369,PARROQUIA,070450,,1,Cabecera Cantonal De Balsas,0
864,369,PARROQUIA,070451,,1,BELLAMARIA,0
865,370,PARROQUIA,070550,,1,"Chilla, Cabecera Cantonal",0
866,371,PARROQUIA,070651,,1,Barbones (Sucre),0
867,371,PARROQUIA,070650,,1,"El Guabo, Cabecera Cantonal",0
868,371,PARROQUIA,070652,,1,La Iberia,0
869,371,PARROQUIA,070654,,1,Rio Bonito,0
870,371,PARROQUIA,070653,,1,Tendales (Cab. En Puerto Tendales),0
871,372,PARROQUIA,070701,,1,Ecuador,0
872,372,PARROQUIA,070702,,1,El Paraiso,0
873,372,PARROQUIA,070703,,1,Hualtaco,0
874,372,PARROQUIA,070750,,1,Huaquilas Cabecera Cantonal,0
875,372,PARROQUIA,070704,,1,Milton Reyes,0
876,372,PARROQUIA,070705,,1,Union Lojana,0
877,373,PARROQUIA,071452,,1,El Paraiso,0
878,373,PARROQUIA,071451,,1,La Libertad,0
879,373,PARROQUIA,071401,,1,"La Victoria, Cabecera Cantonal",0
880,373,PARROQUIA,071402,,1,Platanillos,0
881,373,PARROQUIA,071453,,1,San Isidro,0
882,373,PARROQUIA,071403,,1,Valle Hermoso,0
883,374,PARROQUIA,070105,,1,El Cambio,0
884,374,PARROQUIA,070152,,1,El Retiro,0
885,374,PARROQUIA,070101,,1,La Providencia,0
886,374,PARROQUIA,070102,,1,Machala,0
887,374,PARROQUIA,070150,,1,"Machala, Cabecera Cantonal Y Capital Provincial",0
888,374,PARROQUIA,070104,,1,Nueve De Mayo,0
889,374,PARROQUIA,070103,,1,Puerto Bolívar,0
890,375,PARROQUIA,070850,,1,Marcabeli Cabecera Cantonal,0
891,375,PARROQUIA,070851,,1,El Ingenio,0
892,376,PARROQUIA,070901,,1,Bolívar,0
893,376,PARROQUIA,070951,,1,Buenavista,0
894,376,PARROQUIA,070956,,1,Cañaquemada,0
895,376,PARROQUIA,070952,,1,Casacay,0
896,376,PARROQUIA,070953,,1,La Peaña,0
897,376,PARROQUIA,070902,,1,Loma De Franco,0
898,376,PARROQUIA,070903,,1,Ochoa Leon (Matriz),0
899,376,PARROQUIA,070950,,1,Pasaje Cabecera Cantonal,0
900,376,PARROQUIA,070954,,1,Progreso,0
901,376,PARROQUIA,070904,,1,Tres Cerritos,0
902,376,PARROQUIA,070955,,1,Uzhcurrumi,0
903,377,PARROQUIA,071051,,1,Capiro,0
904,377,PARROQUIA,071052,,1,La Bocana,0
905,377,PARROQUIA,071001,,1,La Matriz,0
906,377,PARROQUIA,071002,,1,La Suyana,0
907,377,PARROQUIA,071053,,1,Moromoro,0
908,377,PARROQUIA,071054,,1,Parroquias De Piedras,0
909,377,PARROQUIA,071050,,1,Piñas,0
910,377,PARROQUIA,071003,,1,Piñas Grande,0
911,377,PARROQUIA,071055,,1,San Roque (Ambrosio Maldonado),0
912,377,PARROQUIA,071056,,1,Saracay,0
913,378,PARROQUIA,071151,,1,Curtincapa,0
914,378,PARROQUIA,071152,,1,Morales,0
915,378,PARROQUIA,071150,,1,"Portovelo, Cabecera Cantonal",0
916,378,PARROQUIA,071153,,1,Salati,0
917,379,PARROQUIA,071257,,1,Bellamaria,0
918,379,PARROQUIA,071251,,1,Bellavista,0
919,379,PARROQUIA,071252,,1,Jambeli,0
920,379,PARROQUIA,071203,,1,JAMBELÍ (SATÉLITE),0
921,379,PARROQUIA,071253,,1,La Avanzada,0
922,379,PARROQUIA,071205,,1,Nuevo Santa Rosa,0
923,379,PARROQUIA,071202,,1,Puerto Jeli,0
924,379,PARROQUIA,071204,,1,JUMÓN (SATÉLITE),0
925,379,PARROQUIA,071254,,1,San Antonio,0
926,379,PARROQUIA,071201,,1,Santa Rosa,0
927,379,PARROQUIA,071250,,1,Santa Rosa Cabecera Cantonal,0
928,379,PARROQUIA,071255,,1,Torata,0
929,379,PARROQUIA,071256,,1,Victoria,0
930,380,PARROQUIA,071351,,1,Abañin,0
931,380,PARROQUIA,071352,,1,Arcapamba,0
932,380,PARROQUIA,071353,,1,Guanazan,0
933,380,PARROQUIA,071354,,1,Guizhaguiña,0
934,380,PARROQUIA,071355,,1,Huertas,0
935,380,PARROQUIA,071356,,1,Malvas,0
936,380,PARROQUIA,071357,,1,Muluncay Grande,0
937,380,PARROQUIA,071359,,1,Salvias,0
938,380,PARROQUIA,071358,,1,Sinsao,0
939,380,PARROQUIA,071350,,1,"Zaruma, Cabecera Cantonal",0
940,381,PARROQUIA,080650,,1,"Atacames, Cabecera Cantonal",0
941,381,PARROQUIA,080651,,1,La Union,0
942,381,PARROQUIA,080652,,1,Sua (Cab En La Bocana),0
943,381,PARROQUIA,080653,,1,Tonchigue,0
944,381,PARROQUIA,080654,,1,Tonsupa,0
945,382,PARROQUIA,080251,,1,Anchayacu,0
946,382,PARROQUIA,080252,,1,Atahualpa (Cab. En Camarones),0
947,382,PARROQUIA,080253,,1,Borbon,0
948,382,PARROQUIA,080262,,1,Colon Eloy Del Maria,0
949,382,PARROQUIA,080254,,1,La Tola,0
950,382,PARROQUIA,080255,,1,Luis V. Torres (Cab. En Playa De Oro),0
951,382,PARROQUIA,080256,,1,Maldonado,0
952,382,PARROQUIA,080257,,1,Pampanal De Bolívar,0
953,382,PARROQUIA,080265,,1,Santa Lucia De Las Peñas,0
954,382,PARROQUIA,080258,,1,San Francisco De Onzole,0
955,382,PARROQUIA,080263,,1,San Jose De Cayapas,0
956,382,PARROQUIA,080259,,1,Santo Domingo De Onzole,0
957,382,PARROQUIA,080260,,1,Selva Alegre,0
958,382,PARROQUIA,080261,,1,Telembi,0
959,382,PARROQUIA,080264,,1,Timbire,0
960,382,PARROQUIA,080250,,1,"Valdez (Limones), Cabecera Cantonal",0
961,383,PARROQUIA,080102,,1,5 De Agosto,0
962,383,PARROQUIA,080101,,1,Bartolome Ruiz (Cesar Franco Carrion),0
963,383,PARROQUIA,080152,,1,Camarones (Cab. En San Vicente),0
964,383,PARROQUIA,080154,,1,Chinca,0
965,383,PARROQUIA,080153,,1,Crnel. Carlos C. Torres (Cab. En Huele),0
966,383,PARROQUIA,080103,,1,Esmeraldas,0
967,383,PARROQUIA,080150,,1,"Esmeraldas, Cabecera Cantonal Y Capital Provincial",0
968,383,PARROQUIA,080104,,1,Luis Tello (Las Palmas),0
969,383,PARROQUIA,080159,,1,Majua,0
970,383,PARROQUIA,080105,,1,Simón Plata Torres,0
971,383,PARROQUIA,080163,,1,San Mateo,0
972,383,PARROQUIA,080165,,1,Tabiazo,0
973,383,PARROQUIA,080166,,1,Tachina,0
974,383,PARROQUIA,080168,,1,Vuelta Larga,0
975,384,PARROQUIA,080850,,1,La Concordia,0
976,384,PARROQUIA,080852,,1,La Villegas,0
977,384,PARROQUIA,080851,,1,Monterrey,0
978,384,PARROQUIA,080853,,1,Parroquia Plan Piloto,0
979,385,PARROQUIA,080351,,1,Bolívar,0
980,385,PARROQUIA,080352,,1,Daule,0
981,385,PARROQUIA,080353,,1,Galera,0
982,385,PARROQUIA,080350,,1,"Muisne, Cabecera Cantonal",0
983,385,PARROQUIA,080354,,1,Quingue (Olmedo Perdomo Franco),0
984,385,PARROQUIA,080355,,1,Salima,0
985,385,PARROQUIA,080356,,1,San Francisco,0
986,385,PARROQUIA,080357,,1,San Gregorio,0
987,385,PARROQUIA,080358,,1,San Jose De Chamanga,0
988,386,PARROQUIA,080452,,1,Chura (Chancama) (Cab. En El Yerbero),0
989,386,PARROQUIA,080451,,1,Cube,0
990,386,PARROQUIA,080455,,1,La Union,0
991,386,PARROQUIA,080453,,1,Malimpia,0
992,386,PARROQUIA,080450,,1,"Rosa Zarate (Quininde), Cabecera Cantonal",0
993,386,PARROQUIA,080454,,1,Viche,0
994,387,PARROQUIA,080751,,1,Chontaduro,0
995,387,PARROQUIA,080752,,1,Chumunde,0
996,387,PARROQUIA,080753,,1,Lagarto,0
997,387,PARROQUIA,080754,,1,Montalvo (Cab En Horqueta),0
998,387,PARROQUIA,080750,,1,"Rioverde, Cabecera Cantonal",0
999,387,PARROQUIA,080755,,1,Rocafuerte,0
1000,388,PARROQUIA,080555,,1,5 De Junio (Cab En Uimbi),0
1001,388,PARROQUIA,080551,,1,Alto Tambo (Cab En Guadual),0
1002,388,PARROQUIA,080552,,1,Ancon (Pichangal) (Cab. En Palma Real),0
1003,388,PARROQUIA,080553,,1,Calderon,0
1004,388,PARROQUIA,080554,,1,Carondelet,0
1005,388,PARROQUIA,080556,,1,Concepcion,0
1006,388,PARROQUIA,080557,,1,Mataje (Cab En Santander),0
1007,388,PARROQUIA,080558,,1,San Javier De Cachavi,0
1008,388,PARROQUIA,080550,,1,"San Lorenzo, Cabecera Cantonal",0
1009,388,PARROQUIA,080559,,1,Santa Rita,0
1010,388,PARROQUIA,080560,,1,Tambillo,0
1011,388,PARROQUIA,080561,,1,Tululbi (Cab En Ricaurte),0
1012,388,PARROQUIA,080562,,1,Urbina,0
1013,389,PARROQUIA,200250,,1,"Puerto Villamil, Cabecera Cantonal",0
1014,389,PARROQUIA,200251,,1,Tomas De Berlanga (Santo Tomas),0
1015,390,PARROQUIA,200151,,1,El Progreso,0
1016,390,PARROQUIA,200152,,1,Isla Santa Maria (Floreana) (Cab. En Pto. Velasco Ibarra),0
1017,390,PARROQUIA,200150,,1,"Puerto Baquerizo Moreno, Cabecera Cantonal Y Capital Provincial",0
1018,391,PARROQUIA,200351,,1,Bellavista,0
1019,391,PARROQUIA,200350,,1,"Puerto Ayora, Cabecera Cantonal",0
1020,391,PARROQUIA,200352,,1,Santa Rosa (Incluye La Isla Baltra),0
1021,392,PARROQUIA,090250,,1,"Alfredo Baquerizo Moreno (Jujan), Cabecera Cantonal",0
1022,393,PARROQUIA,090350,,1,"Balao, Cabecera Cantonal",0
1023,394,PARROQUIA,090450,,1,"Balzar, Cabecera Cantonal",0
1024,395,PARROQUIA,090550,,1,"Colimes, Cabecera Cantonal",0
1025,395,PARROQUIA,090551,,1,San Jacinto,0
1026,396,PARROQUIA,092350,,1,"Coronel Marcelino Maridueña (San Carlos), Cabecera Cantonal",0
1027,397,PARROQUIA,90603,,1,Banife,0
1028,397,PARROQUIA,090601,,1,DAULE,0
1029,397,PARROQUIA,090650,,1,"Daule, Cabecera Cantonal",0
1030,397,PARROQUIA,090652,,1,Juan Bautista Aguirre (Los Tintos),0
1031,397,PARROQUIA,090602,,1,La Aurora,0
1032,397,PARROQUIA,090653,,1,Laurel,0
1033,397,PARROQUIA,090654,,1,Limonal,0
1034,397,PARROQUIA,090656,,1,Los Lojas (Enrique Baquerizo Moreno),0
1035,397,PARROQUIA,090603,,1,Emiliano Caicedo Marcos,0
1036,397,PARROQUIA,090605,,1,Padre Juan Bautista Aguirre,0
1037,397,PARROQUIA,090606,,1,Santa Clara,0
1038,397,PARROQUIA,090607,,1,Vicente Piedrahita,0
1039,397,PARROQUIA,090604,,1,Magro,0
1040,398,PARROQUIA,090701,,1,Eloy Alfaro (Duran),0
1041,398,PARROQUIA,090702,,1,El Recreo,0
1042,398,PARROQUIA,090750,,1,"Eloy Alfaro (Duran), Cabecera Cantonal",0
1043,399,PARROQUIA,090950,,1,"El Triunfo, Cabecera Cantonal",0
1044,400,PARROQUIA,090852,,1,El Rosario,0
1045,400,PARROQUIA,090851,,1,Guayas (Pueblo Nuevo),0
1046,400,PARROQUIA,090850,,1,"Velasco Ibarra (El Empalme), Cabecera Cantonal",0
1047,401,PARROQUIA,092750,,1,"General Antonio Elizalde (Bucay), Cabecera Cantonal",0
1048,402,PARROQUIA,090101,,1,Ayacucho,0
1049,402,PARROQUIA,090102,,1,Bolívar (Sagrario),0
1050,402,PARROQUIA,090103,,1,Carbo (Concepcion),0
1051,402,PARROQUIA,090115,,1,Chongon,0
1052,402,PARROQUIA,090104,,1,Febres Cordero,0
1053,402,PARROQUIA,090105,,1,Garcia Moreno,0
1054,402,PARROQUIA,090150,,1,"Guayaquil, Cabecera Cantonal Y Capital Provincial",0
1055,402,PARROQUIA,090152,,1,Juan Gomez Rendon (Progreso),0
1056,402,PARROQUIA,090106,,1,Letamendi,0
1057,402,PARROQUIA,090153,,1,Morro,0
1058,402,PARROQUIA,090107,,1,Nueve De Octubre,0
1059,402,PARROQUIA,090108,,1,Olmedo (San Alejo),0
1060,402,PARROQUIA,090116,,1,Pascuales,0
1061,402,PARROQUIA,090156,,1,Posorja,0
1062,402,PARROQUIA,090157,,1,Puna,0
1063,402,PARROQUIA,090109,,1,Roca,0
1064,402,PARROQUIA,090110,,1,Rocafuerte,0
1065,402,PARROQUIA,090111,,1,Sucre,0
1066,402,PARROQUIA,090112,,1,Tarqui,0
1067,402,PARROQUIA,090158,,1,Tenguel,0
1068,402,PARROQUIA,090113,,1,Urdaneta,0
1069,402,PARROQUIA,090114,,1,Ximena,0
1070,403,PARROQUIA,092850,,1,"Isidro Ayora, Cabecera Cantonal",0
1071,404,PARROQUIA,092450,,1,"Lomas De Sargentillo, Cabecera Cantonal",0
1072,405,PARROQUIA,091051,,1,Chobo,0
1073,405,PARROQUIA,091053,,1,Mariscal Sucre (Huaques),0
1074,405,PARROQUIA,091050,,1,"Milagro, Cabecera Cantonal",0
1075,405,PARROQUIA,091054,,1,Roberto Astudillo (Cab En Cruce De Venci,0
1076,406,PARROQUIA,091151,,1,Jesus Maria,0
1077,406,PARROQUIA,091150,,1,"Naranjal, Cabecera Cantonal",0
1078,406,PARROQUIA,091152,,1,San Carlos,0
1079,406,PARROQUIA,091153,,1,Santa Rosa De Flandes,0
1080,406,PARROQUIA,091154,,1,Taura,0
1081,407,PARROQUIA,091250,,1,"Naranjito, Cabecera Cantonal",0
1082,408,PARROQUIA,092550,,1,"Narcisa De Jesus, Cabecera Cantonal",0
1083,409,PARROQUIA,091350,,1,"Palestina,Cabecera Cantonal",0
1084,410,PARROQUIA,091450,,1,"Pedro Carbo, Cabecera Cantonal",0
1085,410,PARROQUIA,091452,,1,Sabanilla,0
1086,410,PARROQUIA,091451,,1,Valle De La Virgen,0
1087,411,PARROQUIA,092150,,1,"General Villamil (Playas), Cabecera Cantonal",0
1088,412,PARROQUIA,091901,,1,Bocana,0
1089,412,PARROQUIA,091902,,1,Candilejos,0
1090,412,PARROQUIA,091903,,1,Central,0
1091,412,PARROQUIA,091950,,1,El Salitre (Las Ramas),0
1092,412,PARROQUIA,091951,,1,Gral. Vernaza (Dos Esteros),0
1093,412,PARROQUIA,091953,,1,Junquillal,0
1094,412,PARROQUIA,091952,,1,La Victoria (Ñauza),0
1095,412,PARROQUIA,091904,,1,Paraiso,0
1096,412,PARROQUIA,091905,,1,San Mateo,0
1097,413,PARROQUIA,091602,,1,La Puntilla,0
1098,413,PARROQUIA,091650,,1,Samborondon Cabecera Cantonal,0
1099,413,PARROQUIA,091601,,1,Samborondon,0
1100,413,PARROQUIA,091651,,1,Tarifa,0
1101,414,PARROQUIA,092053,,1,Gral. Pedro J. Montero (Boliche),0
1102,414,PARROQUIA,092050,,1,"San Jacinto De Yaguachi,Cabecera Cantonal",0
1103,414,PARROQUIA,092056,,1,Virgen De Fatima,0
1104,414,PARROQUIA,092055,,1,Yaguachi Viejo (Cone),0
1105,415,PARROQUIA,091850,,1,"Santa Lucia, Cabecera Cantonal",0
1106,416,PARROQUIA,092251,,1,Crnel. Lorenzo De Garaicoa (Pedregal),0
1107,416,PARROQUIA,092250,,1,"Simon Bolívar, Cabecera Cantonal",0
1108,417,PARROQUIA,100201,,1,Andrade Marin (Lourdes),0
1109,417,PARROQUIA,100202,,1,Atuntaqui,0
1110,417,PARROQUIA,100250,,1,ATUNTAQUI Cabecera Cantonal,0
1111,417,PARROQUIA,100251,,1,Imbaya (San Luis De Cobuendo),0
1112,417,PARROQUIA,100252,,1,San Fco. De Natabuela,0
1113,417,PARROQUIA,100253,,1,San Jose De Chaltura,0
1114,417,PARROQUIA,100254,,1,San Roque,0
1115,418,PARROQUIA,100357,,1,6 De Julio De Cuellaje (Cab En Cuellaje),0
1116,418,PARROQUIA,100351,,1,Apuela,0
1117,418,PARROQUIA,100350,,1,"Cotacachi, Cabecera Cantonal",0
1118,418,PARROQUIA,100352,,1,Garcia Moreno (Llurimagua),0
1119,418,PARROQUIA,100353,,1,Imantag,0
1120,418,PARROQUIA,100354,,1,Peñaherrera,0
1121,418,PARROQUIA,100355,,1,Plaza Gutierrez (Calvario),0
1122,418,PARROQUIA,100356,,1,Quiroga,0
1123,418,PARROQUIA,100301,,1,Sagrario,0
1124,418,PARROQUIA,100302,,1,San Francisco,0
1125,418,PARROQUIA,100358,,1,Vacas Galindo (Cab. En San Miguel Alto),0
1126,419,PARROQUIA,100151,,1,Ambuqui,0
1127,419,PARROQUIA,100152,,1,Angochagua,0
1128,419,PARROQUIA,100101,,1,Caranqui,0
1129,419,PARROQUIA,100153,,1,Carolina,0
1130,419,PARROQUIA,100102,,1,Guayaquil De Alpachaca,0
1131,419,PARROQUIA,100105,,1,La Dolorosa Del Priorato,0
1132,419,PARROQUIA,100154,,1,La Esperanza,0
1133,419,PARROQUIA,100155,,1,Lita,0
1134,419,PARROQUIA,100103,,1,Sagrario,0
1135,419,PARROQUIA,100156,,1,Salinas,0
1136,419,PARROQUIA,100157,,1,San Antonio,0
1137,419,PARROQUIA,100104,,1,San Francisco,0
1138,419,PARROQUIA,100150,,1,"San Miguel De Ibarra, Cabecera Cantonal Y Capital Provincial",0
1139,420,PARROQUIA,100451,,1,Doctor Miguel Egas Cabezas (Peguche),0
1140,420,PARROQUIA,100452,,1,Eugenio Espejo (Calpaqui),0
1141,420,PARROQUIA,100453,,1,Gonzalez Suarez,0
1142,420,PARROQUIA,100401,,1,Jordan,0
1143,420,PARROQUIA,100450,,1,"Otavalo, Cabecera Cantonal",0
1144,420,PARROQUIA,100454,,1,Pataqui,0
1145,420,PARROQUIA,100455,,1,San Jose De Quichinche,0
1146,420,PARROQUIA,100456,,1,San Juan De Iluman,0
1147,420,PARROQUIA,100402,,1,San Luis,0
1148,420,PARROQUIA,100457,,1,San Pablo,0
1149,420,PARROQUIA,100458,,1,San Rafael,0
1150,420,PARROQUIA,100459,,1,Selva Alegre (Cab. En San Miguel De P.),0
1151,421,PARROQUIA,100551,,1,Chuga,0
1152,421,PARROQUIA,100552,,1,Mariano Acosta,0
1153,421,PARROQUIA,100550,,1,"Pimampiro, Cabecera Cantonal",0
1154,421,PARROQUIA,100553,,1,SAN FRANCISCO DE SIGSIPAM,0
1155,422,PARROQUIA,100651,,1,Cahuasqui,0
1156,422,PARROQUIA,100652,,1,La Merced De Buenos Aires,0
1157,422,PARROQUIA,100653,,1,Pablo Arenas,0
1158,422,PARROQUIA,100654,,1,San Blas,0
1159,422,PARROQUIA,100655,,1,Tumbabiro,0
1160,422,PARROQUIA,100650,,1,"Urcuqui, Cabecera Cantonal",0
1161,423,PARROQUIA,110201,,1,Cariamanga,0
1162,423,PARROQUIA,110202,,1,Chile,0
1163,423,PARROQUIA,110251,,1,Colaisaca,0
1164,423,PARROQUIA,110252,,1,El Lucero,0
1165,423,PARROQUIA,110203,,1,San Vicente,0
1166,423,PARROQUIA,110254,,1,Sanguillin,0
1167,423,PARROQUIA,110253,,1,Utuana,0
1168,424,PARROQUIA,110301,,1,Catamayo,0
1169,424,PARROQUIA,110351,,1,El Tambo,0
1170,424,PARROQUIA,110352,,1,Guayquichuma,0
1171,424,PARROQUIA,110302,,1,San Jose,0
1172,424,PARROQUIA,110353,,1,San Pedro De La Bendita,0
1173,424,PARROQUIA,110354,,1,Zambi,0
1174,425,PARROQUIA,110450,,1,"Celica, Cabecera Cantonal",0
1175,425,PARROQUIA,110451,,1,Cruzpamba (Cab En Carlos Bustamante),0
1176,425,PARROQUIA,110455,,1,Pozul (San Juan De Pozul),0
1177,425,PARROQUIA,110456,,1,Sabanilla,0
1178,425,PARROQUIA,110457,,1,Tnte. Maximiliano Rodriguez Loaiza,0
1179,426,PARROQUIA,110554,,1,Amarillos,0
1180,426,PARROQUIA,110551,,1,Buenavista,0
1181,426,PARROQUIA,110550,,1,"Chaguarpamba, Cabecera Cantonal",0
1182,426,PARROQUIA,110552,,1,El Rosario,0
1183,426,PARROQUIA,110553,,1,Santa Rufina,0
1184,427,PARROQUIA,110654,,1,27 De Abril (Cab En La Naranja),0
1185,427,PARROQUIA,110650,,1,"Amaluza, Cabecera Cantonal",0
1186,427,PARROQUIA,110651,,1,Bellavista,0
1187,427,PARROQUIA,110656,,1,El Airo,0
1188,427,PARROQUIA,110655,,1,El Ingenio,0
1189,427,PARROQUIA,110652,,1,Jimbura,0
1190,427,PARROQUIA,110653,,1,Santa Teresita,0
1191,428,PARROQUIA,110751,,1,Changaimina (La Libertad),0
1192,428,PARROQUIA,110750,,1,"Gonzanama, Cabecera Cantonal",0
1193,428,PARROQUIA,110753,,1,Nambacola,0
1194,428,PARROQUIA,110754,,1,Purunuma (Eguiguren),0
1195,428,PARROQUIA,110756,,1,Sacapalca,0
1196,429,PARROQUIA,110151,,1,Chantaco,0
1197,429,PARROQUIA,110152,,1,Chuquiribamba,0
1198,429,PARROQUIA,110153,,1,El Cisne,0
1199,429,PARROQUIA,110101,,1,El Sagrario,0
1200,429,PARROQUIA,110154,,1,Gualel,0
1201,429,PARROQUIA,110155,,1,Jimbilla,0
1202,429,PARROQUIA,110150,,1,"Loja, Cabecera Cantonal Y Capital Provincial",0
1203,429,PARROQUIA,110156,,1,Malacatos (Valladolid),0
1204,429,PARROQUIA,110163,,1,Quinara,0
1205,429,PARROQUIA,110157,,1,San Lucas,0
1206,429,PARROQUIA,110158,,1,San Pedro De Vilcabamba,0
1207,429,PARROQUIA,110102,,1,San Sebastian,0
1208,429,PARROQUIA,110159,,1,Santiago,0
1209,429,PARROQUIA,110103,,1,Sucre,0
1210,429,PARROQUIA,110160,,1,Taquil (Miguel Riofrio),0
1211,429,PARROQUIA,110104,,1,Valle,0
1212,429,PARROQUIA,110161,,1,Vilcabamba (Victoria),0
1213,429,PARROQUIA,110162,,1,Yangana (Arsenio Castillo),0
1214,430,PARROQUIA,110801,,1,General Eloy Alfaro (San Sebastian),0
1215,430,PARROQUIA,110852,,1,La Victoria,0
1216,430,PARROQUIA,110851,,1,Larama,0
1217,430,PARROQUIA,110802,,1,Macara (Manuel Enrique Rengel Suquilanda),0
1218,430,PARROQUIA,110853,,1,Sabiango (La Capilla),0
1219,431,PARROQUIA,111651,,1,La Tingue,0
1220,431,PARROQUIA,111650,,1,"Olmedo, Cabecera Cantonal",0
1221,432,PARROQUIA,110951,,1,Cangonama,0
1222,432,PARROQUIA,110958,,1,Casanga,0
1223,432,PARROQUIA,110901,,1,Catacocha,0
1224,432,PARROQUIA,110952,,1,Guachanama,0
1225,432,PARROQUIA,110954,,1,Lauro Guerrero,0
1226,432,PARROQUIA,110902,,1,Lourdes,0
1227,432,PARROQUIA,110956,,1,Orianga,0
1228,432,PARROQUIA,110957,,1,San Antonio,0
1229,432,PARROQUIA,110959,,1,Yamana,0
1230,433,PARROQUIA,111452,,1,12 De Diciembre (Cab En Achiotes),0
1231,433,PARROQUIA,111451,,1,Chaquinal,0
1232,433,PARROQUIA,111453,,1,Milagros,0
1233,433,PARROQUIA,111450,,1,"Pindal, Cabecera Cantonal",0
1234,434,PARROQUIA,111050,,1,"Alamor, Cabecera Cantonal",0
1235,434,PARROQUIA,111051,,1,Ciano,0
1236,434,PARROQUIA,111052,,1,El Arenal,0
1237,434,PARROQUIA,111053,,1,El Limo (Mariana De Jesus),0
1238,434,PARROQUIA,111054,,1,Mercadillo,0
1239,434,PARROQUIA,111055,,1,Vicentino,0
1240,435,PARROQUIA,111551,,1,Fundochamba,0
1241,435,PARROQUIA,111550,,1,"Quilanga, Cabecera Cantonal",0
1242,435,PARROQUIA,111552,,1,San Antonio De Las Aradas (Cab,0
1243,436,PARROQUIA,111151,,1,El Paraiso De Celen,0
1244,436,PARROQUIA,111152,,1,El Tablon,0
1245,436,PARROQUIA,111153,,1,Lluzhapa,0
1246,436,PARROQUIA,111154,,1,Manu,0
1247,436,PARROQUIA,111155,,1,San Antonio De Qumbe (Cumbe),0
1248,436,PARROQUIA,111156,,1,San Pablo De Tenta,0
1249,436,PARROQUIA,111157,,1,San Sebastian De Yuluc,0
1250,436,PARROQUIA,111150,,1,"Saraguro, Cabecera Cantonal",0
1251,436,PARROQUIA,111158,,1,Selva Alegre,0
1252,436,PARROQUIA,111160,,1,Sumaypamba,0
1253,436,PARROQUIA,111159,,1,Urdaneta (Paquishapa),0
1254,437,PARROQUIA,111251,,1,Nueva Fatima,0
1255,437,PARROQUIA,111250,,1,"Sozoranga, Cabecera Cantonal",0
1256,437,PARROQUIA,111252,,1,Tacamoros,0
1257,438,PARROQUIA,111355,,1,Bolaspamba,0
1258,438,PARROQUIA,111351,,1,Cazaderos (Cab En Mangaurco),0
1259,438,PARROQUIA,111352,,1,Garzareal,0
1260,438,PARROQUIA,111353,,1,Limones,0
1261,438,PARROQUIA,111354,,1,Paletillas,0
1262,438,PARROQUIA,111350,,1,"Zapotillo, Cabecera Cantonal",0
1263,439,PARROQUIA,120250,,1,"Baba, Cabecera Cantonal",0
1264,439,PARROQUIA,120251,,1,Guare,0
1265,439,PARROQUIA,120252,,1,Isla De Bejucal,0
1266,440,PARROQUIA,120150,,1,"Babahoyo, Cabecera Cantonal Y Capital Provincial",0
1267,440,PARROQUIA,120103,,1,Barreiro,0
1268,440,PARROQUIA,120152,,1,Caracol,0
1269,440,PARROQUIA,120101,,1,Clemente Baquerizo,0
1270,440,PARROQUIA,120102,,1,Dr. Camilo Ponce,0
1271,440,PARROQUIA,120104,,1,El Salto,0
1272,440,PARROQUIA,120153,,1,Febres Cordero (Las Juntas) (Cab.,0
1273,440,PARROQUIA,120155,,1,La Union,0
1274,440,PARROQUIA,120154,,1,Pimocha,0
1275,441,PARROQUIA,121002,,1,7 De Agosto,0
1276,441,PARROQUIA,121003,,1,11 De octubre,0
1277,441,PARROQUIA,121051,,1,Patricia Pilar,0
1278,441,PARROQUIA,121001,,1,"San Jacinto De Buena Fe, Cabecera Cantonal",0
1279,442,PARROQUIA,121250,,1,"Mocache, Cabecera Cantonal",0
1280,443,PARROQUIA,120350,,1,"Montalvo, Cabecera Cantonal",0
1281,444,PARROQUIA,120950,,1,"Palenque, Cabecera Cantonal",0
1282,445,PARROQUIA,120450,,1,"Puebloviejo, Cabecera Cantonal",0
1283,445,PARROQUIA,120451,,1,Puerto Pechiche,0
1284,445,PARROQUIA,120452,,1,San Juan,0
1285,446,PARROQUIA,120508,,1,24 De Mayo,0
1286,446,PARROQUIA,120504,,1,Guayacan,0
1287,446,PARROQUIA,120555,,1,La Esperanza,0
1288,446,PARROQUIA,120505,,1,Nicolas Infante Diaz,0
1289,446,PARROQUIA,120501,,1,Quevedo,0
1290,446,PARROQUIA,120502,,1,San Camilo,0
1291,446,PARROQUIA,120553,,1,San Carlos,0
1292,446,PARROQUIA,120506,,1,San Cristobal,0
1293,446,PARROQUIA,120503,,1,San Jose,0
1294,446,PARROQUIA,120507,,1,Siete De Octubre,0
1295,446,PARROQUIA,120509,,1,Venus Del Rio Quevedo,0
1296,446,PARROQUIA,120510,,1,Viva Alfaro,0
1297,447,PARROQUIA,121350,,1,Quinsaloma,0
1298,448,PARROQUIA,120650,,1,"Catarama, Cabecera Cantonal",0
1299,448,PARROQUIA,120651,,1,Ricaurte,0
1300,449,PARROQUIA,121150,,1,"Valencia, Cabecera Cantonal",0
1301,450,PARROQUIA,120753,,1,Chacarita,0
1302,450,PARROQUIA,120754,,1,Los Angeles,0
1303,450,PARROQUIA,120701,,1,10 De noviembre,0
1304,450,PARROQUIA,120750,,1,"Ventanas, Cabecera Cantonal",0
1305,450,PARROQUIA,120752,,1,Zapotal,0
1306,451,PARROQUIA,120851,,1,Antonio Sotomayor (Cab. Playas De Vince,0
1307,451,PARROQUIA,120850,,1,"Vinces, Cabecera Cantonal",0
1308,452,PARROQUIA,131653,,1,Arq. Sixto Duran Ballen,0
1309,452,PARROQUIA,131651,,1,Bellavista,0
1310,452,PARROQUIA,131652,,1,Noboa,0
1311,452,PARROQUIA,131650,,1,"Sucre, Cabecera Cantonal",0
1312,453,PARROQUIA,130250,,1,"Calceta, Cabecera Cantonal",0
1313,453,PARROQUIA,130251,,1,Membrillo,0
1314,453,PARROQUIA,130252,,1,Quiroga,0
1315,454,PARROQUIA,130351,,1,Boyaca,0
1316,454,PARROQUIA,130352,,1,Canuto,0
1317,454,PARROQUIA,130354,,1,Chibunga,0
1318,454,PARROQUIA,130301,,1,Chone,0
1319,454,PARROQUIA,130353,,1,Convento,0
1320,454,PARROQUIA,130355,,1,Eloy Alfaro,0
1321,454,PARROQUIA,130356,,1,Ricaurte,0
1322,454,PARROQUIA,130357,,1,San Antonio,0
1323,454,PARROQUIA,130302,,1,Santa Rita,0
1324,455,PARROQUIA,130404,,1,4 De Diciembre,0
1325,455,PARROQUIA,130401,,1,El Carmen,0
1326,455,PARROQUIA,130402,,1,4 DE DICIEMBRE,0
1327,455,PARROQUIA,130452,,1,San Pedro De Suma,0
1328,455,PARROQUIA,130451,,1,Wilfrido Loor Moreira (Maicito),0
1329,456,PARROQUIA,130550,,1,"Flavio Alfaro, Cabecera Cantonal",0
1330,456,PARROQUIA,130551,,1,San Fco. De Novillo (Cab En Novillo),0
1331,456,PARROQUIA,130552,,1,Zapallo,0
1332,457,PARROQUIA,132050,,1,"Jama, Cabecera Cantonal",0
1333,458,PARROQUIA,132150,,1,"Jaramijo, Cabecera Cantonal",0
1334,459,PARROQUIA,130651,,1,America,0
1335,459,PARROQUIA,130602,,1,Dr Miguel Moran Lucio,0
1336,459,PARROQUIA,130652,,1,El Anegado (Cab En Eloy Alfaro),0
1337,459,PARROQUIA,130650,,1,Jipijapa,0
1338,459,PARROQUIA,130653,,1,Julcuy,0
1339,459,PARROQUIA,130654,,1,La Union,0
1340,459,PARROQUIA,130603,,1,Manuel Inocencio Parrales Y Guale,0
1341,459,PARROQUIA,130656,,1,Membrillal,0
1342,459,PARROQUIA,130657,,1,Pedro Pablo Gomez,0
1343,459,PARROQUIA,130658,,1,Puerto De Cayo,0
1344,459,PARROQUIA,130601,,1,San Lorenzo De Jipijapa,0
1345,460,PARROQUIA,130750,,1,"Junin, Cabecera Cantonal",0
1346,461,PARROQUIA,130805,,1,Eloy Alfaro,0
1347,461,PARROQUIA,130801,,1,Los Esteros,0
1348,461,PARROQUIA,130802,,1,Manta,0
1349,461,PARROQUIA,130850,,1,Manta Cabecera Cantonal,0
1350,461,PARROQUIA,130851,,1,San Lorenzo,0
1351,461,PARROQUIA,130803,,1,San Mateo,0
1352,461,PARROQUIA,130852,,1,Santa Marianita (Boca De Pacoche),0
1353,461,PARROQUIA,130804,,1,Tarqui,0
1354,462,PARROQUIA,130901,,1,Anibal San Andres,0
1355,462,PARROQUIA,130903,,1,El Colorado,0
1356,462,PARROQUIA,130904,,1,General Eloy Alfaro,0
1357,462,PARROQUIA,130951,,1,Jaramijo,0
1358,462,PARROQUIA,130952,,1,La Pila,0
1359,462,PARROQUIA,130902,,1,Montecristi,0
1360,462,PARROQUIA,130950,,1,"Montecristi, Cab. Cantonal",0
1361,462,PARROQUIA,130905,,1,Leonidas Proano,0
1362,463,PARROQUIA,131850,,1,"Olmedo, Cabecera Cantonal",0
1363,464,PARROQUIA,131051,,1,Campozano (La Palma De Pajan),0
1364,464,PARROQUIA,131052,,1,Cascol,0
1365,464,PARROQUIA,131053,,1,Guale,0
1366,464,PARROQUIA,131054,,1,Lascano,0
1367,464,PARROQUIA,131050,,1,"Pajan, Cabecera Cantonal",0
1368,465,PARROQUIA,131752,,1,10 De Agosto,0
1369,465,PARROQUIA,131753,,1,Atahualpa,0
1370,465,PARROQUIA,131751,,1,Cojimies,0
1371,465,PARROQUIA,131750,,1,"Pedernales, Cabecera Cantonal",0
1372,466,PARROQUIA,131151,,1,Barraganete,0
1373,466,PARROQUIA,131150,,1,"Pichincha, Cabecera Cantonal",0
1374,466,PARROQUIA,131152,,1,San Sebastian,0
1375,467,PARROQUIA,130103,,1,12 De Marzo,0
1376,467,PARROQUIA,130151,,1,Abdon Calderon (San Francisco),0
1377,467,PARROQUIA,130152,,1,Alhajuela (Bajo Grande),0
1378,467,PARROQUIA,130101,,1,Andres De Vera,0
1379,467,PARROQUIA,130157,,1,Chirijos,0
1380,467,PARROQUIA,130102,,1,Colon,0
1381,467,PARROQUIA,130153,,1,Crucita,0
1382,467,PARROQUIA,130108,,1,Francisco Pacheco,0
1383,467,PARROQUIA,130107,,1,18 De octubre,0
1384,467,PARROQUIA,130109,,1,Simon Bolívar,0
1385,467,PARROQUIA,130104,,1,Picoaza,0
1386,467,PARROQUIA,130105,,1,Portoviejo,0
1387,467,PARROQUIA,130150,,1,"Portoviejo, Cabecera Cantonal Y Capital Provincial",0
1388,467,PARROQUIA,130154,,1,Pueblo Nuevo,0
1389,467,PARROQUIA,130155,,1,Riochico (Rio Chico),0
1390,467,PARROQUIA,130106,,1,San Pablo,0
1391,467,PARROQUIA,130156,,1,San Placido,0
1392,468,PARROQUIA,131951,,1,Machalilla,0
1393,468,PARROQUIA,131950,,1,"Puerto Lopez, Cabecera Cantonal",0
1394,468,PARROQUIA,131952,,1,Salango,0
1395,469,PARROQUIA,131250,,1,"Rocafuerte, Cabecera Cantonal",0
1396,470,PARROQUIA,132251,,1,Canoa,0
1397,470,PARROQUIA,132250,,1,"San Vicente, Cabecera Cantonal",0
1398,471,PARROQUIA,131351,,1,Ayacucho,0
1399,471,PARROQUIA,131352,,1,Honorato Vasquez (Cab En Vasquez),0
1400,471,PARROQUIA,131353,,1,La Union,0
1401,471,PARROQUIA,131302,,1,Lodana,0
1402,471,PARROQUIA,131355,,1,San Pablo (Cab En Pueblo Nuevo),0
1403,471,PARROQUIA,131350,,1,"SANTA ANA DE VUELTA LARGA, CABECERA CANTONAL",0
1404,471,PARROQUIA,131301,,1,Santa Ana,0
1405,472,PARROQUIA,131401,,1,Bahia De Caraquez,0
1406,472,PARROQUIA,131453,,1,Charapoto,0
1407,472,PARROQUIA,131402,,1,Leonidas Plaza Gutierrez,0
1408,472,PARROQUIA,131457,,1,San Isidro,0
1409,473,PARROQUIA,131551,,1,Bachillero,0
1410,473,PARROQUIA,131552,,1,Angel Pedro Giler ,0
1411,473,PARROQUIA,131550,,1,"Tosagua, Cabecera Cantonal",0
1412,475,PARROQUIA,140251,,1,Amazonas (Rosario De Cuyes),0
1413,475,PARROQUIA,140252,,1,Bermejos,0
1414,475,PARROQUIA,140253,,1,Bomboiza,0
1415,475,PARROQUIA,140254,,1,Chiguinda,0
1416,475,PARROQUIA,140258,,1,El Ideal,0
1417,475,PARROQUIA,140255,,1,El Rosario,0
1418,475,PARROQUIA,140201,,1,Gualaquiza,0
1419,475,PARROQUIA,140202,,1,Mercedes Molina,0
1420,475,PARROQUIA,140256,,1,Nueva Tarqui,0
1421,475,PARROQUIA,140257,,1,San Miguel De Cuyes,0
1422,476,PARROQUIA,140751,,1,Chiguaza,0
1423,476,PARROQUIA,140750,,1,"Huamboya, Cabecera Cantonal",0
1424,476,PARROQUIA,140752,,1,Pablo Vi,0
1425,477,PARROQUIA,140350,,1,"General Leonidas Plaza Gutierrez (Limon), Cabecera Cantonal",0
1426,477,PARROQUIA,140351,,1,Indanza,0
1427,477,PARROQUIA,140353,,1,San Antonio (Cab En San Antonio Centro),0
1428,477,PARROQUIA,140356,,1,San Miguel De Conchay,0
1429,477,PARROQUIA,140357,,1,Sta Susana De Chiviaza (Cab En Chiviaza),0
1430,477,PARROQUIA,140358,,1,Yunganza (Cab En El Rosario),0
1431,478,PARROQUIA,141050,,1,"Logroño, Cabecera Cantonal",0
1432,478,PARROQUIA,141052,,1,Shimpis,0
1433,478,PARROQUIA,141051,,1,Yaupi,0
1434,479,PARROQUIA,140151,,1,Alshi (Cab En 9 De Octubre),0
1435,479,PARROQUIA,140162,,1,Cuchaentza,0
1436,479,PARROQUIA,140153,,1,General Proaño,0
1437,479,PARROQUIA,140150,,1,"Macas, Cabecera Cantonal Y Capital Provincial",0
1438,479,PARROQUIA,140164,,1,Rio Blanco,0
1439,479,PARROQUIA,140156,,1,San Isidro,0
1440,479,PARROQUIA,140163,,1,San Jose De Morona,0
1441,479,PARROQUIA,140157,,1,Sevilla Don Bosco,0
1442,479,PARROQUIA,140158,,1,Sinai,0
1443,479,PARROQUIA,140160,,1,Zuña (Zuñac),0
1444,480,PARROQUIA,141150,,1,Pablo Sexto,0
1445,481,PARROQUIA,140455,,1,16 De Agosto,0
1446,481,PARROQUIA,140451,,1,Arapicos,0
1447,481,PARROQUIA,140452,,1,Cumanda (Cab En Colonia Agricola Sevilla,0
1448,481,PARROQUIA,140450,,1,"Palora (Metzera),Cabecera Cantonal",0
1449,481,PARROQUIA,140454,,1,Sangay (Cab En Nayamanaca),0
1450,482,PARROQUIA,140851,,1,Pan De Azucar,0
1451,482,PARROQUIA,140852,,1,San Carlos De Limon,0
1452,482,PARROQUIA,140853,,1,San Jacinto De Wakambeis,0
1453,482,PARROQUIA,140850,,1,"San Juan Bosco, Cabecera Cantonal",0
1454,482,PARROQUIA,140854,,1,Santiago De Pananza,0
1455,483,PARROQUIA,140552,,1,Chupianza,0
1456,483,PARROQUIA,140551,,1,Copal,0
1457,483,PARROQUIA,140553,,1,Patuca,0
1458,483,PARROQUIA,140557,,1,San Francisco De Chinimbimi,0
1459,483,PARROQUIA,140554,,1,San Luis De El Acho (Cab En El Acho),0
1460,483,PARROQUIA,140555,,1,Santiago,0
1461,483,PARROQUIA,140550,,1,"Santiago De Mendez, Cabecera Cantonal",0
1462,483,PARROQUIA,140556,,1,Tayuza,0
1463,484,PARROQUIA,140651,,1,Asuncion,0
1464,484,PARROQUIA,140652,,1,Huambi,0
1465,484,PARROQUIA,140655,,1,Santa Marianita De Jesus,0
1466,484,PARROQUIA,140650,,1,"Sucua, Cabecera Cantonal",0
1467,485,PARROQUIA,140951,,1,Huasaga (Cab En Wampuik),0
1468,485,PARROQUIA,140952,,1,Macuma,0
1469,485,PARROQUIA,140954,,1,Pumpuentsa,0
1470,485,PARROQUIA,140950,,1,"Taisha, Cabecera Cantonal",0
1471,485,PARROQUIA,140953,,1,Tuutinentza,0
1472,486,PARROQUIA,141251,,1,San Jose De Morona,0
1473,486,PARROQUIA,141250,,1,Santiago,0
1474,487,PARROQUIA,150350,,1,"Archidona, Cabecera Cantonal",0
1475,487,PARROQUIA,150352,,1,Cotundo,0
1476,487,PARROQUIA,150354,,1,San Pablo De Ushpayacu,0
1477,488,PARROQUIA,150950,,1,"Carlos Julio Arosemena Tola, Cabecera Cantonal",0
1478,489,PARROQUIA,150450,,1,"El Chaco, Cabecera Cantonal",0
1479,489,PARROQUIA,150451,,1,Gonzalo Diaz De Pineda(El Bombon),0
1480,489,PARROQUIA,150452,,1,Linares,0
1481,489,PARROQUIA,150453,,1,Oyacachi,0
1482,489,PARROQUIA,150454,,1,Santa Rosa,0
1483,489,PARROQUIA,150455,,1,Sardinas,0
1484,490,PARROQUIA,150750,,1,"Baeza, Cabecera Cantonal",0
1485,490,PARROQUIA,150751,,1,Cosanga,0
1486,490,PARROQUIA,150752,,1,Cuyuja,0
1487,490,PARROQUIA,150753,,1,Papallacta,0
1488,490,PARROQUIA,150754,,1,San Francisco De Borja (Virgilio Davila),0
1489,490,PARROQUIA,150755,,1,SAN JOSE DE PAYAMINO,0
1490,490,PARROQUIA,150756,,1,Sumaco,0
1491,491,PARROQUIA,150151,,1,Ahuano,0
1492,491,PARROQUIA,150153,,1,Chontapunta,0
1493,491,PARROQUIA,150154,,1,Pano,0
1494,491,PARROQUIA,150155,,1,Puerto Misahualli,0
1495,491,PARROQUIA,150156,,1,Puerto Napo,0
1496,491,PARROQUIA,150158,,1,San Juan De Muyuna,0
1497,491,PARROQUIA,150157,,1,Talag,0
1498,491,PARROQUIA,150150,,1,"Tena, Cabecera Cantonal Y Capital Provincial",0
1499,492,PARROQUIA,220251,,1,Cap. Augusto Rivadeneyra,0
1500,492,PARROQUIA,220252,,1,Cononaco,0
1501,492,PARROQUIA,220250,,1,"Nuevo Rocafuerte, Cabecera Cantonal",0
1502,492,PARROQUIA,220253,,1,Santa Maria De Huiririma,0
1503,492,PARROQUIA,220254,,1,Tiputini,0
1504,492,PARROQUIA,220255,,1,Yasuni,0
1505,493,PARROQUIA,220351,,1,Enokanqui (Cab En El Paraiso),0
1506,493,PARROQUIA,220350,,1,"La Joya De Los Sachas, Cabecera Cantonal",0
1507,493,PARROQUIA,220352,,1,Lago San Pedro,0
1508,493,PARROQUIA,220353,,1,Pompeya,0
1509,493,PARROQUIA,220354,,1,Rumipamba,0
1510,493,PARROQUIA,220355,,1,San Carlos,0
1511,493,PARROQUIA,220356,,1,San Sebastian Del Coca,0
1512,493,PARROQUIA,220357,,1,Tres De Noviembre,0
1513,493,PARROQUIA,220358,,1,Union Milagreña,0
1514,494,PARROQUIA,220451,,1,Avila (Cab En Huiruno),0
1515,494,PARROQUIA,220450,,1,"Loreto, Cabecera Cantonal",0
1516,494,PARROQUIA,220452,,1,Puerto Murialdo,0
1517,494,PARROQUIA,220454,,1,San Jose De Dahuano,0
1518,494,PARROQUIA,220453,,1,San Jose De Payamino,0
1519,494,PARROQUIA,220455,,1,San Vicente De Huaticocha,0
1520,495,PARROQUIA,220151,,1,Alejandro Labaca,0
1521,495,PARROQUIA,220152,,1,Dayuma,0
1522,495,PARROQUIA,220153,,1,El Dorado,0
1523,495,PARROQUIA,220154,,1,El Eden,0
1524,495,PARROQUIA,220155,,1,Garcia Moreno,0
1525,495,PARROQUIA,220156,,1,Ines Arango,0
1526,495,PARROQUIA,220157,,1,La Belleza,0
1527,495,PARROQUIA,220158,,1,Nuevo Paraiso,0
1528,495,PARROQUIA,220150,,1,"Puerto Francisco De Orellana (Coca),Cabecera Cantonal Y Capital Provincial",0
1529,495,PARROQUIA,220159,,1,San Jose De Guayusa,0
1530,495,PARROQUIA,220160,,1,San Luis De Armenia,0
1531,495,PARROQUIA,220161,,1,Taracoa,0
1532,496,PARROQUIA,160450,,1,"Arajuno, Cabecera Cantonal",0
1533,496,PARROQUIA,160451,,1,Curaray,0
1534,497,PARROQUIA,160251,,1,Madre Tierra,0
1535,497,PARROQUIA,160250,,1,"Mera, Cabecera Cantonal",0
1536,497,PARROQUIA,160252,,1,Shell,0
1537,498,PARROQUIA,160152,,1,Canelos,0
1538,498,PARROQUIA,160154,,1,Diez De Agosto,0
1539,498,PARROQUIA,160166,,1,El Triunfo,0
1540,498,PARROQUIA,160155,,1,Fatima,0
1541,498,PARROQUIA,160156,,1,Montalvo (Andoas),0
1542,498,PARROQUIA,160157,,1,Pomona,0
1543,498,PARROQUIA,160150,,1,Puyo Cabecera Cantonal Y Capital Provincial,0
1544,498,PARROQUIA,160158,,1,Rio Corrientes,0
1545,498,PARROQUIA,160159,,1,Rio Tigre,0
1546,498,PARROQUIA,160161,,1,Sarayacu,0
1547,498,PARROQUIA,160162,,1,Simon Bolívar (Cab En Mushullacta),0
1548,498,PARROQUIA,160163,,1,Tarqui,0
1549,498,PARROQUIA,160164,,1,Teniente Hugo Ortiz,0
1550,498,PARROQUIA,160165,,1,Veracruz (Cab En Indillama),0
1551,499,PARROQUIA,160351,,1,San Jose,0
1552,499,PARROQUIA,160350,,1,"Santa Clara, Cabecera Cantonal",0
1553,500,PARROQUIA,170251,,1,Ascazubi,0
1554,500,PARROQUIA,170201,,1,Ayora,0
1555,500,PARROQUIA,170252,,1,Cangahua,0
1556,500,PARROQUIA,170202,,1,Cayambe,0
1557,500,PARROQUIA,170203,,1,Juan Montalvo,0
1558,500,PARROQUIA,170253,,1,Olmedo (Pecillo),0
1559,500,PARROQUIA,170254,,1,Oton,0
1560,500,PARROQUIA,170255,,1,Santa Rosa De Cuzubamba,0
1561,501,PARROQUIA,170351,,1,Aloag,0
1562,501,PARROQUIA,170352,,1,Aloasi,0
1563,501,PARROQUIA,170353,,1,Cutuglahua,0
1564,501,PARROQUIA,170354,,1,El Chaupi,0
1565,501,PARROQUIA,170350,,1,"Machachi, Cabecera Cantonal",0
1566,501,PARROQUIA,170355,,1,Manuel Cornejo Astorga (Tandapi),0
1567,501,PARROQUIA,170356,,1,Tambillo,0
1568,501,PARROQUIA,170357,,1,Uyumbicho,0
1569,502,PARROQUIA,170451,,1,La Esperanza,0
1570,502,PARROQUIA,170452,,1,Malchingui,0
1571,502,PARROQUIA,170450,,1,"Tabacundo, Cabecera Cantonal",0
1572,502,PARROQUIA,170453,,1,Tocachi,0
1573,502,PARROQUIA,170454,,1,Tupigachi,0
1574,503,PARROQUIA,170850,,1,"Pedro Vicente Maldonado, Cabecera Cantonal",0
1575,504,PARROQUIA,170950,,1,"Puerto Quito, Cabecera Cantonal",0
1576,505,PARROQUIA,170151,,1,Alangasi,0
1577,505,PARROQUIA,170152,,1,Amaguaña,0
1578,505,PARROQUIA,170153,,1,Atahualpa (Habaspamba),0
1579,505,PARROQUIA,170101,,1,Belisario Quevedo,0
1580,505,PARROQUIA,170154,,1,Calacali,0
1581,505,PARROQUIA,170155,,1,Calderon (Carapungo),0
1582,505,PARROQUIA,170102,,1,Carcelen,0
1583,505,PARROQUIA,170103,,1,Centro Historico,0
1584,505,PARROQUIA,170158,,1,Chavezpamba,0
1585,505,PARROQUIA,170159,,1,Checa (Chilpa),0
1586,505,PARROQUIA,170107,,1,Chilibulo,0
1587,505,PARROQUIA,170108,,1,Chillogallo,0
1588,505,PARROQUIA,170109,,1,Chimbacalle,0
1589,505,PARROQUIA,170104,,1,Cochapamba,0
1590,505,PARROQUIA,170156,,1,Conocoto,0
1591,505,PARROQUIA,170106,,1,Cotocollao,0
1592,505,PARROQUIA,170157,,1,Cumbaya,0
1593,505,PARROQUIA,170110,,1,El Condado,0
1594,505,PARROQUIA,170160,,1,El Quinche,0
1595,505,PARROQUIA,170161,,1,Gualea,0
1596,505,PARROQUIA,170111,,1,Guamani,0
1597,505,PARROQUIA,170162,,1,Guangopolo,0
1598,505,PARROQUIA,170163,,1,Guayllabamba,0
1599,505,PARROQUIA,170114,,1,Jipijapa,0
1600,505,PARROQUIA,170116,,1,La Argelia,0
1601,505,PARROQUIA,170117,,1,La Concepcion,0
1602,505,PARROQUIA,170118,,1,La Ecuatoriana,0
1603,505,PARROQUIA,170119,,1,La Ferroviaria,0
1604,505,PARROQUIA,170120,,1,La Libertad,0
1605,505,PARROQUIA,170121,,1,La Magdalena,0
1606,505,PARROQUIA,170123,,1,Mariscal Sucre,0
1607,505,PARROQUIA,170122,,1,La Mena,0
1608,505,PARROQUIA,170164,,1,La Merced,0
1609,505,PARROQUIA,170165,,1,Llano Chico,0
1610,505,PARROQUIA,170166,,1,Lloa,0
1611,505,PARROQUIA,170168,,1,Nanegal,0
1612,505,PARROQUIA,170169,,1,Nanegalito,0
1613,505,PARROQUIA,170170,,1,Nayon,0
1614,505,PARROQUIA,170171,,1,Nono,0
1615,505,PARROQUIA,170172,,1,Pacto,0
1616,505,PARROQUIA,170105,,1,Comite Del Pueblo,0
1617,505,PARROQUIA,170112,,1,Iñaquito,0
1618,505,PARROQUIA,170113,,1,Itchimbia,0
1619,505,PARROQUIA,170115,,1,Kennedy,0
1620,505,PARROQUIA,170174,,1,Perucho,0
1621,505,PARROQUIA,170175,,1,Pifo,0
1622,505,PARROQUIA,170176,,1,Pintag,0
1623,505,PARROQUIA,170177,,1,Pomasqui,0
1624,505,PARROQUIA,170124,,1,Ponceano,0
1625,505,PARROQUIA,170178,,1,Puellaro,0
1626,505,PARROQUIA,170179,,1,Puembo,0
1627,505,PARROQUIA,170125,,1,Puengasi,0
1628,505,PARROQUIA,170150,,1,"Quito Distrito Metropolitano, Cab Cant, Cap Provincial Y De La Rep. Del Ecuad",0
1629,505,PARROQUIA,170126,,1,Quitumbe,0
1630,505,PARROQUIA,170127,,1,Rumipamba,0
1631,505,PARROQUIA,170180,,1,San Antonio,0
1632,505,PARROQUIA,170128,,1,San Bartolo,0
1633,505,PARROQUIA,170181,,1,San Jose De Minas,0
1634,505,PARROQUIA,170130,,1,San Juan,0
1635,505,PARROQUIA,170131,,1,Solanda,0
1636,505,PARROQUIA,170183,,1,Tababela,0
1637,505,PARROQUIA,170184,,1,Tumbaco,0
1638,505,PARROQUIA,170132,,1,Turubamba,0
1639,505,PARROQUIA,170185,,1,Yaruqui,0
1640,505,PARROQUIA,170186,,1,Zambiza,0
1641,505,PARROQUIA,170182,,1,SAN MIGUEL DE LOS BANCOS,0
1642,505,PARROQUIA,170173,,1,PEDRO VICENTE MALDONADO,0
1643,505,PARROQUIA,170129,,1,SAN ISIDRO DEL INCA,0
1644,505,PARROQUIA,170187,,1,PUERTO QUITO,0
1645,506,PARROQUIA,170551,,1,Cotogchoa,0
1646,506,PARROQUIA,170552,,1,Rumipamba,0
1647,506,PARROQUIA,170502,,1,San Pedro De Taboada,0
1648,506,PARROQUIA,170503,,1,San Rafael,0
1649,506,PARROQUIA,170501,,1,Sangolqui,0
1650,507,PARROQUIA,170751,,1,Mindo,0
1651,507,PARROQUIA,170750,,1,"San Miguel De Los Bancos , Cabecera Cantonal",0
1652,508,PARROQUIA,240250,,1,"La Libertad, Cabecera Cantonal",0
1653,509,PARROQUIA,240351,,1,Anconcito,0
1654,509,PARROQUIA,240301,,1,Carlos Espinoza Larrea,0
1655,509,PARROQUIA,240302,,1,Gral. Alberto Enriquez Gallo,0
1656,509,PARROQUIA,240352,,1,Jose Luis Tamayo (Muey),0
1657,509,PARROQUIA,240350,,1,"Salinas, Cabecera Cantonal",0
1658,509,PARROQUIA,240304,,1,Santa Rosa,0
1659,509,PARROQUIA,240303,,1,Vicente Rocafuerte,0
1660,510,PARROQUIA,240151,,1,Atahualpa,0
1661,510,PARROQUIA,240101,,1,Ballenita,0
1662,510,PARROQUIA,240153,,1,Chanduy,0
1663,510,PARROQUIA,240152,,1,Colonche,0
1664,510,PARROQUIA,240154,,1,Manglaralto,0
1665,510,PARROQUIA,240156,,1,San Jose De Ancon,0
1666,510,PARROQUIA,240102,,1,Santa Elena,0
1667,510,PARROQUIA,240155,,1,Simon Bolívar (Julio Moreno),0
1668,511,PARROQUIA,230101,,1,Abraham Calazacon,0
1669,511,PARROQUIA,230151,,1,Alluriquin,0
1670,511,PARROQUIA,230102,,1,Bomboli,0
1671,511,PARROQUIA,230103,,1,Chiguilpe,0
1672,511,PARROQUIA,230156,,1,El Esfuerzo,0
1673,511,PARROQUIA,230153,,1,Luz De America,0
1674,511,PARROQUIA,230152,,1,Puerto Limon,0
1675,511,PARROQUIA,230104,,1,Rio Toachi,0
1676,511,PARROQUIA,230105,,1,Rio Verde,0
1677,511,PARROQUIA,230154,,1,San Jacinto Del Bua,0
1678,511,PARROQUIA,230157,,1,Santa Maria Del Toachi,0
1679,511,PARROQUIA,230106,,1,Santo Domingo De Los Colorados,0
1680,511,PARROQUIA,230150,,1,"Santo Domingo, Cabecera Cantonal",0
1681,511,PARROQUIA,230155,,1,Valle Hermoso,0
1682,511,PARROQUIA,230107,,1,Zaracay,0
1683,512,PARROQUIA,230252,,1,LAS VILLEGAS,0
1684,512,PARROQUIA,230251,,1,MONTERREY,0
1685,512,PARROQUIA,230253,,1,PLAN PILOTO,0
1686,513,PARROQUIA,210650,,1,"El Dorado De Cascales, Cabecera Cantonal",0
1687,513,PARROQUIA,210651,,1,Santa Rosa De Sucumbios,0
1688,513,PARROQUIA,210652,,1,Sevilla,0
1689,514,PARROQUIA,210752,,1,Aguas Negras,0
1690,514,PARROQUIA,210751,,1,Cuyabeno,0
1691,514,PARROQUIA,210750,,1,"Tarapoa , Cabecera Cantonal",0
1692,515,PARROQUIA,210251,,1,El Reventador,0
1693,515,PARROQUIA,210252,,1,Gonzalo Pizarro,0
1694,515,PARROQUIA,210250,,1,Lumbaqui,0
1695,515,PARROQUIA,210254,,1,Puerto Libre,0
1696,516,PARROQUIA,210152,,1,Dureno,0
1697,516,PARROQUIA,210155,,1,El Eno,0
1698,516,PARROQUIA,210153,,1,General Farfan,0
1699,516,PARROQUIA,210157,,1,Jambeli,0
1700,516,PARROQUIA,210150,,1,"Nueva Loja, Cabecera Cantonal Y Capital Provincial",0
1701,516,PARROQUIA,210156,,1,Pacayacu,0
1702,516,PARROQUIA,210158,,1,Santa Cecilia,0
1703,517,PARROQUIA,210351,,1,Palma Roja,0
1704,517,PARROQUIA,210352,,1,Puerto Bolívar (Puerto Montufar),0
1705,517,PARROQUIA,210350,,1,"Puerto El Carmen Del Putumayo, Cabecera Cantonal",0
1706,517,PARROQUIA,210353,,1,Puerto Rodriguez,0
1707,517,PARROQUIA,210354,,1,Santa Elena,0
1708,518,PARROQUIA,210451,,1,Limoncocha,0
1709,518,PARROQUIA,210452,,1,Pañacocha,0
1710,518,PARROQUIA,210454,,1,San Pedro De Los Cofanes,0
1711,518,PARROQUIA,210453,,1,San Roque (Cab En San Vicente),0
1712,518,PARROQUIA,210450,,1,"Shushufindi, Cabecera Cantonal",0
1713,518,PARROQUIA,210455,,1,Siete De Julio,0
1714,519,PARROQUIA,210551,,1,El Playon De San Francisco,0
1715,519,PARROQUIA,210550,,1,"La Bonita, Cabecera Cantonal",0
1716,519,PARROQUIA,210552,,1,La Sofia,0
1717,519,PARROQUIA,210553,,1,Rosa Florida,0
1718,519,PARROQUIA,210554,,1,Santa Barbara,0
1719,520,PARROQUIA,180151,,1,Ambatillo,0
1720,520,PARROQUIA,180150,,1,"Ambato, Cabecera Cantonal Y Capital Provincial",0
1721,520,PARROQUIA,180152,,1,Atahualpa (Chisalata),0
1722,520,PARROQUIA,180101,,1,Atocha ? Ficoa,0
1723,520,PARROQUIA,180153,,1,Augusto N. Martinez (Mundugleo),0
1724,520,PARROQUIA,180102,,1,Celiano Monge,0
1725,520,PARROQUIA,180154,,1,Constatino Fernandez (Cab En Cullit,0
1726,520,PARROQUIA,180167,,1,Cunchibamba,0
1727,520,PARROQUIA,180103,,1,Huachi Chico,0
1728,520,PARROQUIA,180155,,1,Huachi Grande,0
1729,520,PARROQUIA,180104,,1,Huachi Loreto,0
1730,520,PARROQUIA,180156,,1,Izamba,0
1731,520,PARROQUIA,180157,,1,Juan Benigno Vela,0
1732,520,PARROQUIA,180105,,1,La Merced,0
1733,520,PARROQUIA,180106,,1,La Peninsula,0
1734,520,PARROQUIA,180107,,1,Matriz,0
1735,520,PARROQUIA,180158,,1,Montalvo,0
1736,520,PARROQUIA,180159,,1,Pasa,0
1737,520,PARROQUIA,180160,,1,Picaigua,0
1738,520,PARROQUIA,180161,,1,Pilaguin (Pilahuin),0
1739,520,PARROQUIA,180108,,1,Pishilata,0
1740,520,PARROQUIA,180162,,1,Quisapincha (Quizapincha),0
1741,520,PARROQUIA,180163,,1,San Bartolome De Pinllog,0
1742,520,PARROQUIA,180164,,1,San Fernando (Pasa San Fernando),0
1743,520,PARROQUIA,180109,,1,San Francisco,0
1744,520,PARROQUIA,180165,,1,Santa Rosa,0
1745,520,PARROQUIA,180166,,1,Totoras,0
1746,520,PARROQUIA,180168,,1,Unamuncho,0
1747,521,PARROQUIA,180250,,1,"Baños De Agua Santa, Cabecera Cantonal",0
1748,521,PARROQUIA,180251,,1,Lligua,0
1749,521,PARROQUIA,180252,,1,Rio Negro,0
1750,521,PARROQUIA,180253,,1,Rio Verde,0
1751,521,PARROQUIA,180254,,1,Ulba,0
1752,522,PARROQUIA,180350,,1,"Cevallos, Cabecera Cantonal",0
1753,523,PARROQUIA,180450,,1,"Mocha, Cabecera Cantonal",0
1754,523,PARROQUIA,180451,,1,Pinguili,0
1755,524,PARROQUIA,180551,,1,El Triunfo,0
1756,524,PARROQUIA,180552,,1,Los Andes (Cab En Poatug),0
1757,524,PARROQUIA,180550,,1,"Patate, Cabecera Cantonal",0
1758,524,PARROQUIA,180553,,1,Sucre (Cab En Sucre- Patate Urco),0
1759,525,PARROQUIA,180650,,1,"Quero, Cabecera Cantonal",0
1760,525,PARROQUIA,180651,,1,Rumipamba,0
1761,525,PARROQUIA,180652,,1,Yanayacu - Mochapata (Cab En Ya,0
1762,526,PARROQUIA,180751,,1,Benitez (Pachanlica),0
1763,526,PARROQUIA,180752,,1,Bolívar,0
1764,526,PARROQUIA,180754,,1,Chiquicha (Cab En Chiquicha Grande),0
1765,526,PARROQUIA,180753,,1,Cotalo,0
1766,526,PARROQUIA,180755,,1,El Rosario (Rumichaca),0
1767,526,PARROQUIA,180756,,1,Garcia Moreno (Chumaqui),0
1768,526,PARROQUIA,180757,,1,Guambalo (Huambalo),0
1769,526,PARROQUIA,180701,,1,Pelileo,0
1770,526,PARROQUIA,180702,,1,Pelileo Grande,0
1771,526,PARROQUIA,180758,,1,Salasaca,0
1772,527,PARROQUIA,180851,,1,Baquerizo Moreno,0
1773,527,PARROQUIA,180801,,1,Ciudad Nueva,0
1774,527,PARROQUIA,180852,,1,Emilio Maria Teran (Rumipamba),0
1775,527,PARROQUIA,180853,,1,Marcos Espinel (Chacata),0
1776,527,PARROQUIA,180802,,1,Pillaro,0
1777,527,PARROQUIA,180854,,1,Presidente Urbina (Chagrapamba-Pa,0
1778,527,PARROQUIA,180855,,1,San Andres,0
1779,527,PARROQUIA,180856,,1,San Jose De Poalo,0
1780,527,PARROQUIA,180857,,1,San Miguelito,0
1781,528,PARROQUIA,180951,,1,Quinchicoto,0
1782,528,PARROQUIA,180950,,1,"Tisaleo, Cabecera Cantonal",0
1783,529,PARROQUIA,190753,,1,Panguintza,0
1784,529,PARROQUIA,190751,,1,Paquisha,0
1785,529,PARROQUIA,190752,,1,Triunfo Dorado,0
1786,529,PARROQUIA,190750,,1,"Zumbi, Cabecera Cantonal",0
1787,530,PARROQUIA,190251,,1,Chito,0
1788,530,PARROQUIA,190252,,1,El Chorro,0
1789,530,PARROQUIA,190254,,1,La Chonta,0
1790,530,PARROQUIA,190256,,1,Pucapamba,0
1791,530,PARROQUIA,190259,,1,San Andres,0
1792,530,PARROQUIA,190250,,1,"Zumba, Cabecera Cantonal",0
1793,531,PARROQUIA,190651,,1,El Guisme,0
1794,531,PARROQUIA,190650,,1,"El Pangui, Cabecera Cantonal",0
1795,531,PARROQUIA,190652,,1,Pachicutza,0
1796,531,PARROQUIA,190653,,1,Tundayme,0
1797,532,PARROQUIA,190350,,1,"Guayzimi, Cabecera Cantonal",0
1798,532,PARROQUIA,190352,,1,Nuevo Paraiso,0
1799,532,PARROQUIA,190351,,1,Zurmi,0
1800,533,PARROQUIA,190851,,1,El Porvenir Del Carmen,0
1801,533,PARROQUIA,190854,,1,La Canela,0
1802,533,PARROQUIA,190850,,1,"Palanda, Cabecera Cantonal",0
1803,533,PARROQUIA,190852,,1,San Fco. Del Vergel,0
1804,533,PARROQUIA,190853,,1,Valladolid,0
1805,534,PARROQUIA,190950,,1,Paquisha,0
1806,534,PARROQUIA,190951,,1,BELLAVISTA,0
1807,534,PARROQUIA,190952,,1,NUEVO QUITO,0
1808,535,PARROQUIA,190450,,1,"28 De Mayo (San Jose De Yacuambi), Cabecera Cantonal",0
1809,535,PARROQUIA,190451,,1,La Paz,0
1810,535,PARROQUIA,190452,,1,Tutupali,0
1811,536,PARROQUIA,190551,,1,Chicaña,0
1812,536,PARROQUIA,190553,,1,Los Encuentros,0
1813,536,PARROQUIA,190550,,1,"Yantzaza, Cabecera Cantonal",0
1814,537,PARROQUIA,190151,,1,Cumbaratza,0
1815,537,PARROQUIA,190101,,1,El Limon,0
1816,537,PARROQUIA,190152,,1,Guadalupe,0
1817,537,PARROQUIA,190153,,1,Imbana (La Victoria De Imbana),0
1818,537,PARROQUIA,190155,,1,Sabanilla,0
1819,537,PARROQUIA,190158,,1,San Carlos De Las Minas,0
1820,537,PARROQUIA,190156,,1,Timbara,0
1821,537,PARROQUIA,190102,,1,Zamora,0
1822,537,PARROQUIA,190150,,1,"Zamora, Cabecera Cantonal Y Capital Provincial",0
1823,538,PARROQUIA,900451,,1,El Piedrero,0
1824,541,PARROQUIA,900151,,1,Las Golondrinas,0
1825,542,PARROQUIA,900351,,1,El Paraiso,0
1826,,ESTADO_CIVIL,CASADO_(A),Casado (A),1,Casado (A),0
1827,,ESTADO_CIVIL,DIVORCIADO_(A),Divorciado (A),1,Divorciado (A),0
1828,,ESTADO_CIVIL,SOLTERO_(A),Soltero (A),1,Soltero (A),0
1829,,ESTADO_CIVIL,UNION_LIBRE,Union Libre,1,Union Libre,0
1830,,ESTADO_CIVIL,VIUDO_(A),Viudo (A),1,Viudo (A),0
1831,,NACIONALIDAD,AFGANA,,1,Afgana,0
1832,,NACIONALIDAD,ALEMANA,,1,Alemana,0
1833,,NACIONALIDAD,ARGENTINA,,1,Argentina,0
1834,,NACIONALIDAD,AUSTRALIANA_,,1,Australiana ,0
1835,,NACIONALIDAD,BELGA,,1,Belga,0
1836,,NACIONALIDAD,BOLIVIANA_,,1,Boliviana ,0
1837,,NACIONALIDAD,BRASILERA_,,1,Brasilera ,0
1838,,NACIONALIDAD,CAMBOYANA_,,1,Camboyana ,0
1839,,NACIONALIDAD,CANADIENSE,,1,Canadiense,0
1840,,NACIONALIDAD,CHILENA_,,1,Chilena ,0
1841,,NACIONALIDAD,CHINA_,,1,China ,0
1842,,NACIONALIDAD,COLOMBIANA_,,1,Colombiana ,0
1843,,NACIONALIDAD,COREANA_,,1,Coreana ,0
1844,,NACIONALIDAD,COSTARRICENSE,,1,Costarricense,0
1845,,NACIONALIDAD,CUBANA,,1,Cubana,0
1846,,NACIONALIDAD,DANESA_,,1,Danesa ,0
1847,,NACIONALIDAD,DOMINICANA_,,1,Dominicana ,0
1848,,NACIONALIDAD,ECUATORIANA,,1,Ecuatoriana,0
1849,,NACIONALIDAD,EGIPCIA_,,1,Egipcia ,0
1850,,NACIONALIDAD,ESPAÑOLA_,,1,Española ,0
1851,,NACIONALIDAD,ESTADOUNIDENSE_,,1,Estadounidense ,0
1852,,NACIONALIDAD,ESTONIA_,,1,Estonia ,0
1853,,NACIONALIDAD,ETIOPE_,,1,Etiope ,0
1854,,NACIONALIDAD,FILIPINA_,,1,Filipina ,0
1855,,NACIONALIDAD,FINLANDESA_,,1,Finlandesa ,0
1856,,NACIONALIDAD,FRANCESA,,1,Francesa,0
1857,,NACIONALIDAD,GALESA_,,1,Galesa ,0
1858,,NACIONALIDAD,GRIEGA_,,1,Griega ,0
1859,,NACIONALIDAD,GUATEMALTECA_,,1,Guatemalteca ,0
1860,,NACIONALIDAD,HAITIANA_,,1,Haitiana ,0
1861,,NACIONALIDAD,HOLANDESA_,,1,Holandesa ,0
1862,,NACIONALIDAD,HONDUREÑA_,,1,Hondureña ,0
1863,,NACIONALIDAD,INDONESA_,,1,Indonesa ,0
1864,,NACIONALIDAD,INGLESA_,,1,Inglesa ,0
1865,,NACIONALIDAD,IRLANDESA_,,1,Irlandesa ,0
1866,,NACIONALIDAD,ISRAELÍ,,1,Israelí,0
1867,,NACIONALIDAD,ITALIANA_,,1,Italiana ,0
1868,,NACIONALIDAD,JAPONESA_,,1,Japonesa ,0
1869,,NACIONALIDAD,JORDANA_,,1,Jordana ,0
1870,,NACIONALIDAD,LAOSIANA,,1,Laosiana,0
1871,,NACIONALIDAD,LETONA_,,1,Letona ,0
1872,,NACIONALIDAD,LETONESA_,,1,Letonesa ,0
1873,,NACIONALIDAD,MALAYA_,,1,Malaya ,0
1874,,NACIONALIDAD,MARROQUÍ_,,1,Marroquí ,0
1875,,NACIONALIDAD,MEXICANA_,,1,Mexicana ,0
1876,,NACIONALIDAD,NEOCELANDESA_,,1,Neocelandesa ,0
1877,,NACIONALIDAD,NICARAGÜENSE_,,1,Nicaragüense ,0
1878,,NACIONALIDAD,NORUEGA_,,1,Noruega ,0
1879,,NACIONALIDAD,OTRO,,1,Otro,0
1880,,NACIONALIDAD,PANAMEÑA_,,1,Panameña ,0
1881,,NACIONALIDAD,PARAGUAYA_,,1,Paraguaya ,0
1882,,NACIONALIDAD,PERUANA_,,1,Peruana ,0
1883,,NACIONALIDAD,POLACA_,,1,Polaca ,0
1884,,NACIONALIDAD,PORTUGUESA_,,1,Portuguesa ,0
1885,,NACIONALIDAD,PUERTORRIQUEÑO_,,1,Puertorriqueño ,0
1886,,NACIONALIDAD,RUMANA_,,1,Rumana ,0
1887,,NACIONALIDAD,RUSA_,,1,Rusa ,0
1888,,NACIONALIDAD,SALVADOREÑA_,,1,Salvadoreña ,0
1889,,NACIONALIDAD,SUECA_,,1,Sueca ,0
1890,,NACIONALIDAD,SUIZA_,,1,Suiza ,0
1891,,NACIONALIDAD,TAILANDESA_,,1,Tailandesa ,0
1892,,NACIONALIDAD,TAIWANESA_,,1,Taiwanesa ,0
1893,,NACIONALIDAD,TURCA_,,1,Turca ,0
1894,,NACIONALIDAD,UCRANIANA_,,1,Ucraniana ,0
1895,,NACIONALIDAD,URUGUAYA_,,1,Uruguaya ,0
1896,,NACIONALIDAD,VENEZOLANA_,,1,Venezolana ,0
1897,,NACIONALIDAD,VIETNAMITA,,1,Vietnamita,0
1898,,NACIONALIDAD,ÁRABE,,1,Árabe,0
1899,,NACIONALIDAD_INDIGENA,ACHUAR,,1,Achuar,0
1900,,NACIONALIDAD_INDIGENA,ANDOA,,1,Andoa,0
1901,,NACIONALIDAD_INDIGENA,AWA,,1,Awa,0
1902,,NACIONALIDAD_INDIGENA,CHACHI,,1,Chachi,0
1903,,NACIONALIDAD_INDIGENA,COFAN,,1,Cofan,0
1904,,NACIONALIDAD_INDIGENA,EPERA,,1,Epera,0
1905,,NACIONALIDAD_INDIGENA,KICHWA,,1,Kichwa,0
1906,,NACIONALIDAD_INDIGENA,SECOYA,,1,Secoya,0
1907,,NACIONALIDAD_INDIGENA,SHIWIAR,,1,Shiwiar,0
1908,,NACIONALIDAD_INDIGENA,SHUAR,,1,Shuar,0
1909,,NACIONALIDAD_INDIGENA,SIONA,,1,Siona,0
1910,,NACIONALIDAD_INDIGENA,TSACHILA,,1,Tsachila,0
1911,,NACIONALIDAD_INDIGENA,WAORANI,,1,Waorani,0
1912,,NACIONALIDAD_INDIGENA,ZÁPARA,,1,Zápara,0
1913,,NIVEL_INSTRUCCION,BACHILLERATO,Bachillerato,1,Bachillerato,0
1914,,NIVEL_INSTRUCCION,CUARTO_NIVEL_-_DIPLOMADO,Cuarto Nivel - Diplomado,1,Cuarto Nivel - Diplomado,0
1915,,NIVEL_INSTRUCCION,CUARTO_NIVEL_-_ESPECIALIDAD,Cuarto Nivel - Especialidad,1,Cuarto Nivel - Especialidad,0
1916,,NIVEL_INSTRUCCION,CUARTO_NIVEL_-_MAESTRIA,Cuarto Nivel - Maestria,1,Cuarto Nivel - Maestria,0
1917,,NIVEL_INSTRUCCION,CUARTO_NIVEL-DOCTORADO,Cuarto Nivel-Doctorado,1,Cuarto Nivel-Doctorado,0
1918,,NIVEL_INSTRUCCION,EDUCACION_GENERAL_BASICA,Educacion General Basica Primero a Decimo,1,Educacion general Basica,0
1919,,NIVEL_INSTRUCCION,EDUCACIÓN_BÁSICA,Educación Básica Primero a Septimo,1,Educación Básica,0
1920,,NIVEL_INSTRUCCION,ESTUDIANTE_UNIVERSITARIO,Estudiante Universitario,1,Estudiante Universitario,0
1921,,NIVEL_INSTRUCCION,PRIMARIA,Primaria,1,Primaria,0
1922,,NIVEL_INSTRUCCION,SECUNDARIA,Secundaria,1,Secundaria,0
1923,,NIVEL_INSTRUCCION,SIN_INSTRUCCIÓN,Sin Instrucción,1,Sin Instrucción,0
1924,,NIVEL_INSTRUCCION,TECNOLOGÍA,Tecnología,1,Tecnología,0
1925,,NIVEL_INSTRUCCION,TERCER_NIVEL,Tercer Nivel,1,Tercer Nivel,0
1926,,NIVEL_INSTRUCCION,TÉCNICO_SUPERIOR,Técnico Superior,1,Técnico Superior,0
1927,,NIVEL_OCUPACIONAL,ADMINISTRATIVO,Administrativo,1,Administrativo,0
1928,,NIVEL_OCUPACIONAL,DIRECTIVO,Directivo,1,Directivo,0
1929,,NIVEL_OCUPACIONAL,DOCENTE,Docente,1,Docente,0
1930,,NIVEL_OCUPACIONAL,NO_PROFESIONAL,No Profesional,1,No Profesional,0
1931,,NIVEL_OCUPACIONAL,PROFESIONAL,Profesional,1,Profesional,0
1932,,NIVEL_OCUPACIONAL,TRABAJADOR,Trabajador,1,Trabajador,0
1933,,TIPO_DIRECCION,DOMICILIO,,1,Domicilio,0
1934,,TIPO_DIRECCION,NACIMIENTO,,1,Nacimiento,0
1935,,TIPO_DIRECCION,TRABAJO,,1,Trabajo,0
1936,,TIPO_DOCUMENTO,CÉDULA,,1,Cédula,0
1937,,TIPO_DOCUMENTO,PASAPORTE,,1,Pasaporte,0
1938,,TIPO_ENTIDAD,PRIVADA,,1,Privada,0
1939,,TIPO_ENTIDAD,PÚBLICA_OTRA,,1,Pública Otra,0
1940,,TIPO_ENTIDAD,PÚBLICA,,1,Pública,0
1941,,TIPO_ETNIA,AFROECUATORIANO/AFRODESCENDIENTE,,1,Afroecuatoriano/Afrodescendiente,0
1942,,TIPO_ETNIA,BLANCO/A,,1,Blanco/A,0
1943,,TIPO_ETNIA,INDÍGENA,,1,Indígena,0
1944,,TIPO_ETNIA,MESTIZO/A,,1,Mestizo/A,0
1945,,TIPO_ETNIA,MONTUBIO/A,,1,Montubio/A,0
1946,,TIPO_ETNIA,MULATO/A,,1,Mulato/A,0
1947,,TIPO_ETNIA,NEGRO/A,,1,Negro/A,0
1948,,TIPO_ETNIA,OTRO/A,,1,Otro/A,0
1949,,TIPO_RELACION,CONVIVIENTE,,1,Conviviente,0
1950,,TIPO_RELACION,CÓNYUGE,,1,Cónyuge,0
1951,,TIPO_RELACION,HERMANO_(A),Hermano (a),1,Hermano (A),0
1952,,TIPO_RELACION,PRIMO_(A),Primo (a),1,Primo (A),0
1953,,TIPO_RELACION,TIO_(A),Tio (a),1,Tio (A),0
1954,,TIPO_SANGRE,A+,,1,A+,0
1955,,TIPO_SANGRE,A-,,1,A-,0
1956,,TIPO_SANGRE,AB+,,1,Ab+,0
1957,,TIPO_SANGRE,AB-,,1,Ab-,0
1958,,TIPO_SANGRE,B+,,1,B+,0
1959,,TIPO_SANGRE,B-,,1,B-,0
1960,,TIPO_SANGRE,O+,,1,O+,0
1961,,TIPO_SANGRE,O-,,1,O-,0
1962,,TIPO_SEDE,EXTENSIÓN,"Son unidades académico-administrativas, dependientes de la sede matriz u otras sedes de las universidades y escuelas politécnicas, las cuales podrán tener desconcentración en sede de la cual dependan.",1,Extensión,0
1963,,TIPO_SEDE,MATRIZ,"Es la unidad académico-administrativa de mayor jerarquía de las universidades y escuelas politécnicas, en donde funcionan los organismos de gobierno y cogobierno centrales.",1,Matriz,0
1964,,TIPO_SEDE,SEDE,"Son unidades académico-administrativas dependientes de la sede matriz, ubicadas en una provincia distinta a la matriz. No podrá haber más de una sede en una misma provincia.",1,Sede,0
1965,,TIPO_DISCAPACIDAD,AUDITIVA,,1,Auditiva,0
1966,,TIPO_DISCAPACIDAD,FÍSICA,,1,Física,0
1967,,TIPO_DISCAPACIDAD,INTELECTUAL,,1,Intelectual,0
1968,,TIPO_DISCAPACIDAD,VISUAL,,1,Visual,0
1969,,TIPO_DOCUMENTO,15-_ACTAS_DE_ENTREGA_RECEPCION,,1,15- ACTAS DE ENTREGA RECEPCION,0
1970,,TIPO_SEXO,HOMBRE,,1,Hombre,0
1971,,TIPO_SEXO,MUJER,,1,Mujer,0
1972,,TIPO_IVA,10%,Diez por ciento,1,10%,0
1973,,TIPO_IVA,12%,Doce por ciento,1,12%,0
1974,,TIPO_IVA,14%,Catorce por ciento,1,14%,0
1975,,TIPO_DOCUMENTO,15-_ACTAS_DE_ENTREGA_RECEPCION,,1,15- ACTAS DE ENTREGA RECEPCION,0
1976,,TIPO_IVA,10%,Diez por ciento,1,10%,0
1977,,TIPO_IVA,12%,Doce por ciento,1,12%,0
1978,,TIPO_IVA,14%,Catorce por ciento,1,14%,0
